name,set,rarity,number,listings,price,marketPrice,availability,updatedAt
Scuttle Crab,Unleashed,Rare,#053/219,194,0.54,0.55,Available,01:59:24 20/05/2026
Defy,Origins,Common,#045/298,108,2,3.34,Available,01:59:24 20/05/2026
Sacrifice,Unleashed,Rare,#173/219,83,3.24,4,Available,01:59:24 20/05/2026
Hwei - Brooding Painter,Unleashed,Rare,#080/219,61,1.27,1.63,Available,01:59:24 20/05/2026
Discipline,Origins,Uncommon,#058/298,93,1.3,1.7,Available,01:59:24 20/05/2026
Gust,Origins,Common,#169/298,646,0.1,0.19,Available,01:59:24 20/05/2026
Sprite Fountain,Unleashed,Uncommon,#078/219,56,0.72,0.79,Available,01:59:24 20/05/2026
Charm,Origins,Common,#043/298,175,0.6,0.65,Available,01:59:24 20/05/2026
Nidalee - Cat Form,Unleashed,Rare,#114/219,150,0.84,1.03,Available,01:59:24 20/05/2026
Hidden Blade,Origins,Common,#213/298,175,0.99,0.97,Available,01:59:24 20/05/2026
Star-Crossed,Unleashed,Common,#128/219,417,0.05,0.12,Available,01:59:24 20/05/2026
Yuumi - Magical Cat,Unleashed,Rare,#056/219,369,0.11,0.19,Available,01:59:24 20/05/2026
Irresistible Faefolk,Unleashed,Rare,#112/219,163,0.6,0.73,Available,01:59:24 20/05/2026
Back Off,Unleashed,Uncommon,#042/219,368,0.15,0.21,Available,01:59:24 20/05/2026
Stacked Deck,Origins,Uncommon,#183/298,93,4.99,6.82,Available,01:59:24 20/05/2026
Tideturner,Origins,Rare,#199/298,59,3.99,4,Available,01:59:24 20/05/2026
Evelynn - Entrancing,Unleashed,Rare,#141/219,148,0.37,0.54,Available,01:59:24 20/05/2026
Flash,Riftbound Organized Play Promotional Cards,Promo,#011/024,44,2.55,2.66,Available,01:59:24 20/05/2026
Karthus - Eternal,Origins,Rare,#236/298,89,4.1,7.09,Available,01:59:24 20/05/2026
Vi - Peacekeeper,Unleashed,Rare,#176/219,175,0.25,0.5,Available,01:59:24 20/05/2026
Moonfall,Unleashed,Epic,#198/219,69,23.29,24.65,Available,01:59:24 20/05/2026
Vex - Apathetic,Unleashed,Epic,#150/219,80,14.14,15.77,Available,01:59:24 20/05/2026
Stupefy,Origins,Common,#095/298,497,0.15,0.23,Available,01:59:24 20/05/2026
Mirror Image,Unleashed,Epic,#200/219,100,24,28.39,Available,01:59:24 20/05/2026
Abandon,Unleashed,Uncommon,#131/219,195,0.2,0.32,Available,01:59:24 20/05/2026
Ride The Wind,Origins,Common,#173/298,228,0.52,0.64,Available,01:59:24 20/05/2026
Fizz - Trickster,Spiritforged,Rare,#140/221,83,3.83,4.06,Available,01:59:24 20/05/2026
Rengar - Trophy Hunter,Unleashed,Epic,#120/219,50,19.23,21.04,Available,01:59:24 20/05/2026
Rift Herald,Unleashed,Epic,#179/219,85,11.6,12.79,Available,01:59:24 20/05/2026
Bone Skewer,Unleashed,Rare,#139/219,209,0.44,0.67,Available,01:59:24 20/05/2026
Not So Fast,Spiritforged,Uncommon,#045/221,160,0.79,1.48,Available,01:59:24 20/05/2026
Ashe - Focused,Riftbound Organized Play Promotional Cards,Promo,#169/219,108,0.45,0.69,Available,01:59:24 20/05/2026
Repulse,Unleashed,Uncommon,#106/219,242,0.38,0.41,Available,01:59:24 20/05/2026
Cull the Weak,Origins,Common,#209/298,290,0.31,0.34,Available,01:59:24 20/05/2026
Sona - Harmonious,Origins,Rare,#073/298,51,7.48,9.97,Available,01:59:24 20/05/2026
Smoke and Mirrors,Unleashed,Rare,#083/219,271,0.54,0.61,Available,01:59:24 20/05/2026
Tactical Retreat,Unleashed,Rare,#175/219,386,0.18,0.25,Available,01:59:24 20/05/2026
Heedless Resurrection,Unleashed,Rare,#142/219,245,0.38,0.48,Available,01:59:24 20/05/2026
Thousand-Tailed Watcher,Origins,Rare,#116/298,116,16.89,26.81,Available,01:59:24 20/05/2026
Shadow's Call,Unleashed,Uncommon,#165/219,248,0.3,0.37,Available,01:59:24 20/05/2026
Void Assault,Unleashed,Epic,#202/219,69,4,3.68,Available,01:59:24 20/05/2026
Nami - Headstrong,Unleashed,Rare,#052/219,260,0.25,0.43,Available,01:59:24 20/05/2026
LeBlanc - Fragmented,Unleashed,Rare,#172/219,283,0.49,0.65,Available,01:59:24 20/05/2026
Salvage,Origins,Uncommon,#224/298,138,4.5,4.78,Available,01:59:24 20/05/2026
Rebuke,Origins,Common,#172/298,295,0.48,0.48,Available,01:59:24 20/05/2026
Hard Bargain,Spiritforged,Uncommon,#136/221,301,0.4,0.49,Available,01:59:24 20/05/2026
Alpha Wildclaw,Unleashed,Epic,#057/219,107,1.5,2.16,Available,01:59:24 20/05/2026
Deathgrip,Spiritforged,Uncommon,#163/221,356,0.23,0.28,Available,01:59:24 20/05/2026
Existential Dread,Unleashed,Uncommon,#134/219,261,0.1,0.23,Available,01:59:24 20/05/2026
Thrill of the Hunt,Unleashed,Epic,#184/219,134,4.6,4.93,Available,01:59:24 20/05/2026
En Garde,Origins,Common,#046/298,630,0.08,0.21,Available,01:59:24 20/05/2026
Sabotage,Origins,Rare,#156/298,109,6.29,8.63,Available,01:59:24 20/05/2026
Alpha Strike,Unleashed,Epic,#192/219,89,2.98,3.17,Available,01:59:24 20/05/2026
Zhonya's Hourglass,Origins,Rare,#077/298,155,6,7.2,Available,01:59:24 20/05/2026
Ravenbloom Student,Origins,Uncommon,#103/298,555,0.08,0.27,Available,01:59:24 20/05/2026
Lilting Lullaby,Unleashed,Epic,#190/219,142,3.4,4.08,Available,01:59:24 20/05/2026
Daisy!,Unleashed,Epic,#196/219,114,1.29,1.47,Available,01:59:24 20/05/2026
Soaring Scout,Origins,Common,#216/298,598,0.1,0.13,Available,01:59:24 20/05/2026
Shadow,Unleashed,Epic,#194/219,164,0.85,1.1,Available,01:59:24 20/05/2026
Mindsplitter,Origins,Rare,#192/298,152,3.45,4.9,Available,01:59:24 20/05/2026
Death from Below,Unleashed,Epic,#186/219,178,1.79,2.19,Available,01:59:24 20/05/2026
Noxus Hopeful,Origins,Common,#012/298,316,0.3,0.35,Available,01:59:24 20/05/2026
Keeper's Verdict,Unleashed,Epic,#204/219,122,1.07,1.09,Available,01:59:24 20/05/2026
Curtain Call,Unleashed,Epic,#182/219,172,0.75,0.99,Available,01:59:24 20/05/2026
Vilemaw,Unleashed,Epic,#060/219,46,24.99,31.37,Available,01:59:24 20/05/2026
Elder Dragon,Unleashed,Epic,#118/219,103,28,31.32,Available,01:59:24 20/05/2026
Guardian Angel,Spiritforged,Rare,#051/221,302,1.24,1.25,Available,01:59:24 20/05/2026
Defiant Dance,Spiritforged,Epic,#196/221,79,13.66,17.29,Available,01:59:24 20/05/2026
Hextech Gauntlets,Unleashed,Epic,#188/219,167,0.8,0.87,Available,01:59:24 20/05/2026
Watchful Sentry,Origins,Common,#096/298,568,0.07,0.18,Available,01:59:24 20/05/2026
Switcheroo,Spiritforged,Rare,#145/221,397,0.25,0.4,Available,01:59:24 20/05/2026
Jhin - Murderous Artist,Unleashed,Rare,#022/219,459,0.14,0.24,Available,01:59:24 20/05/2026
Falling Star,Origins,Rare,#029/298,187,3.5,5.67,Available,01:59:24 20/05/2026
Turn to Dust,Unleashed,Common,#070/219,378,0.01,0.11,Available,01:59:24 20/05/2026
Glasc Mixologist,Spiritforged,Uncommon,#165/221,396,0.15,0.2,Available,01:59:24 20/05/2026
The Ruination,Unleashed,Epic,#180/219,86,7,10.74,Available,01:59:24 20/05/2026
Baron Nashor,Unleashed,Epic,#147/219,129,18.18,20.47,Available,01:59:24 20/05/2026
Galio - Indefatigable,Unleashed,Rare,#171/219,424,0.09,0.25,Available,01:59:24 20/05/2026
Kha'Zix - Mutating Horror,Unleashed,Rare,#143/219,406,0.1,0.19,Available,01:59:24 20/05/2026
Plundering Poro,Spiritforged,Common,#069/221,776,0.05,0.11,Available,01:59:24 20/05/2026
Bellows Breath,Spiritforged,Rare,#080/221,232,0.88,1.19,Available,01:59:24 20/05/2026
Pyke - Returned,Unleashed,Rare,#145/219,272,0.19,0.31,Available,01:59:24 20/05/2026
Calm Rune,Origins,Common,#042/298,294,0.1,0.13,Available,01:59:24 20/05/2026
Punch First,Spiritforged,Common,#097/221,743,0.05,0.1,Available,01:59:24 20/05/2026
Calm Rune (R02a),Unleashed,Showcase,#R02a,45,7.95,10.14,Available,01:59:24 20/05/2026
Challenge,Origins,Common,#128/298,498,0.08,0.24,Available,01:59:24 20/05/2026
Sprite Queen,Unleashed,Rare,#084/219,403,0.05,0.16,Available,01:59:24 20/05/2026
Honeyfruit,Unleashed,Rare,#049/219,422,0.02,0.22,Available,01:59:24 20/05/2026
Body Rune (R04a),Unleashed,Showcase,#R04a,88,6.9,6.97,Available,01:59:24 20/05/2026
Overzealous Fan,Spiritforged,Common,#128/221,901,0.08,0.12,Available,01:59:24 20/05/2026
Disarming Rake,Spiritforged,Common,#032/221,840,0.04,0.08,Available,01:59:24 20/05/2026
Katarina - Reckless,Unleashed,Rare,#023/219,327,0.19,0.26,Available,01:59:24 20/05/2026
Order Rune (R06a),Unleashed,Showcase,#R06a,71,6.99,7.63,Available,01:59:24 20/05/2026
Lillia - Fae Fawn,Unleashed,Rare,#082/219,292,0.15,0.35,Available,01:59:24 20/05/2026
Emperor's Divide,Spiritforged,Uncommon,#043/221,582,0.17,0.2,Available,01:59:24 20/05/2026
Mind Rune (R03a),Unleashed,Showcase,#R03a,94,7.49,8.12,Available,01:59:24 20/05/2026
Atakhan,Unleashed,Rare,#170/219,438,0.04,0.19,Available,01:59:24 20/05/2026
Chaos Rune (R05a),Unleashed,Showcase,#R05a,93,10,11.57,Available,01:59:24 20/05/2026
Pack of Wonders,Origins,Uncommon,#181/298,256,0.24,0.31,Available,01:59:24 20/05/2026
First Mate,Origins,Common,#132/298,446,0.08,0.22,Available,01:59:24 20/05/2026
Pyke - Dockside Butcher,Unleashed,Epic,#028/219,55,2.99,3.5,Available,01:59:24 20/05/2026
Lonely Poro,Spiritforged,Common,#036/221,808,0.07,0.16,Available,01:59:24 20/05/2026
Harnessed Dragon,Origins,Rare,#234/298,39,0.9,2.85,Available,01:59:24 20/05/2026
Sprite Burst,Unleashed,Common,#069/219,520,0.02,0.08,Available,01:59:24 20/05/2026
Rengar - Unseen,Unleashed,Rare,#024/219,321,0.05,0.37,Available,01:59:24 20/05/2026
Arachnoid Horror,Unleashed,Epic,#117/219,101,3.25,3.11,Available,01:59:24 20/05/2026
Fury Rune (R01a),Unleashed,Showcase,#R01a,114,4.99,5.3,Available,01:59:24 20/05/2026
Treasure Trove,Origins,Uncommon,#186/298,198,0.38,0.44,Available,01:59:24 20/05/2026
Baited Hook,Origins,Epic,#242/298,27,47.5,69.4,Available,01:59:24 20/05/2026
Grim Apothecary,Unleashed,Rare,#021/219,445,0.05,0.19,Available,01:59:24 20/05/2026
Order Rune,Origins,Common,#214/298,386,0.09,0.15,Available,01:59:24 20/05/2026
Brynhir Thundersong,Origins,Rare,#026/298,253,1.85,2.56,Available,01:59:24 20/05/2026
Singularity,Origins,Uncommon,#105/298,263,0.99,1.51,Available,01:59:24 20/05/2026
Unyielding Spirit,Origins,Uncommon,#145/298,112,0.75,1.03,Available,01:59:24 20/05/2026
Jhin - Meticulous Killer,Unleashed,Epic,#089/219,82,2.5,2.99,Available,01:59:24 20/05/2026
Deadly Flourish,Unleashed,Uncommon,#073/219,305,0.1,0.18,Available,01:59:24 20/05/2026
Boots of Swiftness,Spiritforged,Uncommon,#133/221,510,0.2,0.27,Available,01:59:24 20/05/2026
Voracious Gromp,Unleashed,Common,#100/219,524,0.02,0.09,Available,01:59:24 20/05/2026
Last Rites,Spiritforged,Epic,#150/221,28,17.5,39.3,Available,01:59:24 20/05/2026
Master Yi - Unstoppable,Unleashed,Epic,#059/219,148,1.15,1.37,Available,01:59:24 20/05/2026
Nilah - Joyful Ascetic,Unleashed,Rare,#115/219,324,0.15,0.34,Available,01:59:24 20/05/2026
Honest Broker,Spiritforged,Common,#155/221,795,0.07,0.11,Available,01:59:24 20/05/2026
Mutated Mouser,Unleashed,Common,#036/219,504,0.01,0.1,Available,01:59:24 20/05/2026
Ferrous Forerunner,Spiritforged,Rare,#021/221,265,0.55,0.86,Available,01:59:24 20/05/2026
Stellacorn Herder,Spiritforged,Uncommon,#048/221,316,0.39,0.59,Available,01:59:24 20/05/2026
Master Yi - Tempered,Unleashed,Rare,#113/219,453,0.08,0.16,Available,01:59:24 20/05/2026
LeBlanc - Everywhere At Once,Unleashed,Epic,#090/219,124,2.74,3.18,Available,01:59:24 20/05/2026
Arise!,Spiritforged,Epic,#198/221,124,10.5,12.38,Available,01:59:24 20/05/2026
Vi - Hotheaded,Unleashed,Epic,#030/219,230,0.35,0.6,Available,01:59:24 20/05/2026
Akshan - Mischievous,Spiritforged,Rare,#109/221,268,0.64,0.82,Available,01:59:24 20/05/2026
Called Shot,Spiritforged,Common,#122/221,940,0.01,0.11,Available,01:59:24 20/05/2026
Blue Sentinel,Unleashed,Epic,#087/219,142,2,2.06,Available,01:59:24 20/05/2026
Eclipse,Unleashed,Common,#063/219,531,0.02,0.08,Available,01:59:24 20/05/2026
Mind Rune,Spiritforged,Common,#R03,336,0.05,0.06,Available,01:59:24 20/05/2026
Fiora - Victorious,Origins,Rare,#232/298,168,2.49,3.03,Available,01:59:24 20/05/2026
Sneaky Deckhand,Origins,Common,#176/298,435,0.19,0.22,Available,01:59:24 20/05/2026
Vi - Piltover Enforcer,Unleashed,Rare,#187/219,388,0.08,0.15,Available,01:59:24 20/05/2026
Rengar - Pouncing,Spiritforged,Rare,#025/221,326,0.25,0.43,Available,01:59:24 20/05/2026
Teemo - Scout,Origins,Rare,#197/298,167,0.59,0.85,Available,01:59:24 20/05/2026
Edge of Night,Spiritforged,Rare,#139/221,560,0.1,0.28,Available,01:59:24 20/05/2026
Flurry of Blades,Origins,Common,#133/298,920,0.01,0.1,Available,01:59:24 20/05/2026
B.F. Sword,Spiritforged,Uncommon,#161/221,509,0.12,0.24,Available,01:59:24 20/05/2026
Grim Resolve,Unleashed,Common,#095/219,495,0.02,0.09,Available,01:59:24 20/05/2026
Diana - No Longer Human,Unleashed,Epic,#149/219,150,1.85,2.25,Available,01:59:24 20/05/2026
Chaos Rune,Spiritforged,Common,#R05,340,0.01,0.09,Available,01:59:24 20/05/2026
Acceptable Losses,Origins,Uncommon,#179/298,265,0.19,0.36,Available,01:59:24 20/05/2026
Traveling Merchant,Origins,Uncommon,#185/298,599,0.1,0.21,Available,01:59:24 20/05/2026
Catalyst of Aeons,Origins,Uncommon,#138/298,211,0.48,0.66,Available,01:59:24 20/05/2026
Ahri - Alluring,Origins,Rare,#066/298,114,0.89,1.18,Available,01:59:24 20/05/2026
Red Brambleback,Unleashed,Epic,#029/219,166,0.99,0.99,Available,01:59:24 20/05/2026
Bewitching Spirit,Unleashed,Common,#121/219,473,0.02,0.06,Available,01:59:24 20/05/2026
Order Rune,Spiritforged,Common,#R06,292,0.06,0.09,Available,01:59:24 20/05/2026
Treasure Hunter,Spiritforged,Common,#130/221,905,0.05,0.12,Available,01:59:24 20/05/2026
Flurry of Feathers,Unleashed,Uncommon,#044/219,315,0.1,0.18,Available,01:59:24 20/05/2026
Ivern - Friend to All,Unleashed,Epic,#177/219,157,1.57,1.68,Available,01:59:24 20/05/2026
Ruined Rex,Unleashed,Common,#067/219,511,0.01,0.09,Available,01:59:24 20/05/2026
Nocturne - Horrifying,Origins,Rare,#194/298,159,0.66,1.53,Available,01:59:24 20/05/2026
Ruin Runner,Spiritforged,Uncommon,#105/221,425,0.22,0.29,Available,01:59:24 20/05/2026
Darius - Trifarian,Origins,Rare,#027/298,214,1.29,1.82,Available,01:59:24 20/05/2026
Heart of Dark Ice,Spiritforged,Rare,#052/221,549,0.1,0.26,Available,01:59:24 20/05/2026
Inviolus Vox,Unleashed,Epic,#027/219,167,0.99,1.08,Available,01:59:24 20/05/2026
Wages of Pain,Spiritforged,Common,#070/221,748,0.05,0.1,Available,01:59:24 20/05/2026
Diana - Lunari,Unleashed,Rare,#079/219,486,0.05,0.12,Available,01:59:24 20/05/2026
Sprite Call,Origins,Common,#094/298,700,0.05,0.16,Available,01:59:24 20/05/2026
Brutalizer,Spiritforged,Uncommon,#042/221,494,0.22,0.27,Available,01:59:24 20/05/2026
Consult the Past,Origins,Common,#083/298,644,0.1,0.18,Available,01:59:24 20/05/2026
Calm Rune,Spiritforged,Common,#R02,272,0.08,0.1,Available,01:59:24 20/05/2026
Vex - Cheerless,Spiritforged,Rare,#146/221,343,0.49,0.78,Available,01:59:24 20/05/2026
Seal of Discord,Origins,Epic,#204/298,189,15.98,17.43,Available,01:59:24 20/05/2026
Gutter Palace,Unleashed,Epic,#088/219,242,0.2,0.39,Available,01:59:24 20/05/2026
Dazzling Aurora,Origins,Epic,#160/298,85,51.45,62.35,Available,01:59:24 20/05/2026
Rhasa the Sunderer,Origins,Rare,#195/298,263,0.65,0.85,Available,01:59:24 20/05/2026
Vex - Mocking,Unleashed,Rare,#055/219,321,0.13,0.27,Available,01:59:24 20/05/2026
Retreat,Origins,Uncommon,#104/298,344,0.88,1.05,Available,01:59:24 20/05/2026
Find Your Center,Origins,Common,#047/298,516,0.04,0.22,Available,01:59:24 20/05/2026
Poppy - Paragon,Unleashed,Rare,#116/219,295,0.15,0.28,Available,01:59:24 20/05/2026
Unchecked Power,Origins,Epic,#123/298,40,46,54.79,Available,01:59:24 20/05/2026
Downwell,Spiritforged,Epic,#147/221,48,6.98,8.23,Available,01:59:24 20/05/2026
Windsinger,Spiritforged,Uncommon,#138/221,531,0.1,0.17,Available,01:59:24 20/05/2026
Determined Sentry,Unleashed,Rare,#111/219,321,0.05,0.22,Available,01:59:24 20/05/2026
Trinity Force,Spiritforged,Rare,#115/221,418,0.21,0.37,Available,01:59:24 20/05/2026
Lunar Boon,Unleashed,Common,#125/219,535,0.02,0.09,Available,01:59:24 20/05/2026
Desert's Call,Spiritforged,Common,#031/221,869,0.05,0.12,Available,01:59:24 20/05/2026
Kha'Zix - Evolving Hunter,Unleashed,Epic,#119/219,179,0.45,0.86,Available,01:59:24 20/05/2026
Zilean - Time Mage,Unleashed,Rare,#086/219,284,0.08,0.24,Available,01:59:24 20/05/2026
Poppy - Defender of the Meek,Unleashed,Epic,#178/219,201,0.48,0.95,Available,01:59:24 20/05/2026
Mind Rune,Origins,Common,#089/298,312,0.05,0.16,Available,01:59:24 20/05/2026
Ekko - Recurrent,Origins,Rare,#110/298,137,0.74,1.17,Available,01:59:24 20/05/2026
Mask of Foresight,Origins,Uncommon,#060/298,366,0.08,0.25,Available,01:59:24 20/05/2026
Seal of Focus,Origins,Epic,#081/298,157,11,14.87,Available,01:59:24 20/05/2026
Seal of Rage,Origins,Epic,#040/298,127,10.5,14.03,Available,01:59:24 20/05/2026
Chaos Rune,Origins,Common,#166/298,377,0.07,0.09,Available,01:59:24 20/05/2026
Rift Herald (Alternate Art),Unleashed,Showcase,#179a/219,36,17,23.55,Available,01:59:24 20/05/2026
Diana - Scorn of the Moon,Unleashed,Rare,#197/219,406,0.08,0.13,Available,01:59:24 20/05/2026
Lillia - Protector of Dreams,Unleashed,Epic,#058/219,197,0.85,1.1,Available,01:59:24 20/05/2026
Body Rune,Spiritforged,Common,#R04,357,0.04,0.06,Available,01:59:24 20/05/2026
Mobilize,Origins,Common,#134/298,683,0.04,0.1,Available,01:59:24 20/05/2026
Black Rose Dignitary,Unleashed,Common,#152/219,518,0.01,0.08,Available,01:59:24 20/05/2026
Arcane Shift,Spiritforged,Epic,#200/221,241,1.6,2.66,Available,01:59:24 20/05/2026
Seal of Strength,Origins,Epic,#163/298,167,9.99,12.28,Available,01:59:24 20/05/2026
Crescent Strike,Unleashed,Uncommon,#072/219,469,0.05,0.09,Available,01:59:24 20/05/2026
Rengar - Trophy Hunter (Alternate Art),Unleashed,Showcase,#120a/219,43,24,26.18,Available,01:59:24 20/05/2026
Keeper of Masks,Unleashed,Rare,#081/219,341,0.1,0.23,Available,01:59:24 20/05/2026
Imperial Decree,Origins,Uncommon,#221/298,262,0.49,0.76,Available,01:59:24 20/05/2026
Vilemaw (Alternate Art),Unleashed,Showcase,#060a/219,48,32.74,36.76,Available,01:59:24 20/05/2026
Cleave,Origins,Common,#004/298,834,0.09,0.19,Available,01:59:24 20/05/2026
Janna - Savior,Spiritforged,Rare,#053/221,440,0.22,0.31,Available,01:59:24 20/05/2026
Seal of Insight,Origins,Epic,#120/298,169,9.94,10.76,Available,01:59:24 20/05/2026
Syndra - Transcendent,Unleashed,Rare,#146/219,336,0.14,0.32,Available,01:59:24 20/05/2026
Pit Rookie,Origins,Common,#136/298,696,0.06,0.15,Available,01:59:24 20/05/2026
Tasty Faefolk,Origins,Rare,#075/298,260,0.98,1.07,Available,01:59:24 20/05/2026
Stalwart Poro,Origins,Common,#052/298,768,0.04,0.17,Available,01:59:24 20/05/2026
Ezreal - Prodigy,Spiritforged,Epic,#149/221,242,7.65,9.19,Available,01:59:24 20/05/2026
Cursed Sarcophagus,Unleashed,Epic,#148/219,195,0.6,0.91,Available,01:59:24 20/05/2026
Facebreaker,Origins,Uncommon,#220/298,477,0.22,0.27,Available,01:59:24 20/05/2026
Piercing Light,Spiritforged,Rare,#023/221,458,0.25,0.33,Available,01:59:24 20/05/2026
Inferna,Unleashed,Common,#002/219,503,0.02,0.08,Available,01:59:24 20/05/2026
Qiyana - Victorious,Origins,Rare,#155/298,231,0.99,1.41,Available,01:59:24 20/05/2026
Blood Rose,Unleashed,Rare,#109/219,472,0.02,0.17,Available,01:59:24 20/05/2026
Kadregrin the Infernal,Origins,Epic,#038/298,48,9.95,12.9,Available,01:59:24 20/05/2026
Seal of Unity,Origins,Epic,#245/298,149,18,19.36,Available,01:59:24 20/05/2026
The List,Unleashed,Uncommon,#138/219,351,0.15,0.23,Available,01:59:24 20/05/2026
Body Rune,Origins,Common,#126/298,448,0.03,0.13,Available,01:59:24 20/05/2026
Dragonsoul Sage,Unleashed,Common,#093/219,453,0.02,0.08,Available,01:59:24 20/05/2026
Sand Soldier // Buff,Spiritforged,Common,#T02,330,0.09,0.15,Available,01:59:24 20/05/2026
Vex - Apathetic (Alternate Art),Unleashed,Showcase,#150a/219,25,31.99,34.16,Available,01:59:24 20/05/2026
Friendship,Unleashed,Uncommon,#046/219,357,0.09,0.16,Available,01:59:24 20/05/2026
Undying Legion,Unleashed,Rare,#025/219,433,0.02,0.12,Available,01:59:24 20/05/2026
Ahri - Nine-Tailed Fox,Origins,Rare,#255/298,175,0.98,1.05,Available,01:59:24 20/05/2026
Blighted Battleaxe,Unleashed,Rare,#019/219,335,0.07,0.23,Available,01:59:24 20/05/2026
Scryer's Bloom,Unleashed,Uncommon,#136/219,432,0.04,0.09,Available,01:59:24 20/05/2026
Soraka - Wanderer,Spiritforged,Rare,#173/221,546,0.1,0.21,Available,01:59:24 20/05/2026
Vi - Peacekeeper (Alternate Art),Unleashed,Showcase,#176a/219,30,9.19,9.79,Available,01:59:24 20/05/2026
Riposte,Spiritforged,Epic,#206/221,201,1.4,1.91,Available,01:59:24 20/05/2026
Wind Wall,Origins,Uncommon,#064/298,277,0.68,0.83,Available,01:59:24 20/05/2026
Card Sharp,Spiritforged,Rare,#081/221,429,0.21,0.27,Available,01:59:24 20/05/2026
Fury Rune,Spiritforged,Common,#R01,374,0.02,0.06,Available,01:59:24 20/05/2026
Void Rush,Spiritforged,Epic,#188/221,221,1.23,1.94,Available,01:59:24 20/05/2026
"Allay, Eager Admirer",Unleashed,Uncommon,#041/219,336,0.1,0.15,Available,01:59:24 20/05/2026
Pouty Poro,Origins,Common,#013/298,760,0.06,0.17,Available,01:59:24 20/05/2026
Diana - Lunari (Alternate Art),Unleashed,Showcase,#079a/219,34,5,9.93,Available,01:59:24 20/05/2026
Irelia - Fervent,Spiritforged,Epic,#057/221,134,4.99,7.74,Available,01:59:24 20/05/2026
Smoke Screen,Origins,Common,#093/298,626,0.1,0.17,Available,01:59:24 20/05/2026
Vi - Destructive,Origins,Rare,#036/298,265,0.4,0.63,Available,01:59:24 20/05/2026
Svellsongur,Spiritforged,Epic,#059/221,150,7.98,10.62,Available,01:59:24 20/05/2026
Thwonk!,Spiritforged,Common,#040/221,894,0.02,0.1,Available,01:59:24 20/05/2026
Meditation,Origins,Common,#048/298,827,0.02,0.17,Available,01:59:24 20/05/2026
Blitzcrank - Impassive,Origins,Rare,#067/298,159,0.75,0.79,Available,01:59:24 20/05/2026
Star Spring,Unleashed,Uncommon,#215/219,407,0.02,0.11,Available,01:59:24 20/05/2026
Shard of Undoing,Unleashed,Rare,#174/219,357,0.13,0.25,Available,01:59:24 20/05/2026
Showstopper,Origins,Epic,#270/298,112,9.89,14.29,Available,01:59:24 20/05/2026
Guerilla Warfare,Origins,Epic,#264/298,100,3.5,6.22,Available,01:59:24 20/05/2026
Adaptatron,Origins,Uncommon,#056/298,191,0.32,0.46,Available,01:59:24 20/05/2026
Sett - Brawler,Origins,Epic,#164/298,104,17.5,21.94,Available,01:59:24 20/05/2026
Baron Nashor (Alternate Art),Unleashed,Showcase,#147a/219,89,25,29.88,Available,01:59:24 20/05/2026
Kha'Zix - Mutating Horror (Alternate Art),Unleashed,Showcase,#143a/219,35,7.49,7.67,Available,01:59:24 20/05/2026
Jhin - Murderous Artist (Alternate Art),Unleashed,Showcase,#022a/219,53,2.99,5.69,Available,01:59:24 20/05/2026
Spectral Matron,Origins,Uncommon,#226/298,228,0.26,0.38,Available,01:59:24 20/05/2026
Bullet Time,Origins,Epic,#268/298,97,10.49,12.03,Available,01:59:24 20/05/2026
Pyke - Returned (Alternate Art),Unleashed,Showcase,#145a/219,55,3,2.76,Available,01:59:24 20/05/2026
Kinkou Initiate,Unleashed,Common,#097/219,522,0.01,0.1,Available,01:59:24 20/05/2026
Master Yi - Tempered (Alternate Art),Unleashed,Showcase,#113a/219,53,1.65,2.44,Available,01:59:24 20/05/2026
Rocket Barrage,Spiritforged,Uncommon,#077/221,553,0.12,0.17,Available,01:59:24 20/05/2026
Vex - Gloomist,Unleashed,Rare,#193/219,411,0.1,0.13,Available,01:59:24 20/05/2026
LeBlanc - Deceiver,Unleashed,Rare,#199/219,422,0.01,0.2,Available,01:59:24 20/05/2026
Call to Glory,Origins,Common,#207/298,503,0.1,0.2,Available,01:59:24 20/05/2026
Shepherd's Heirloom,Unleashed,Common,#158/219,441,0.04,0.08,Available,01:59:24 20/05/2026
Spinning Axe,Spiritforged,Epic,#186/221,298,1.15,1.82,Available,01:59:24 20/05/2026
Fury Rune,Origins,Common,#007/298,478,0.02,0.13,Available,01:59:24 20/05/2026
Targon's Peak,Origins,Uncommon,#289/298,436,0.1,0.24,Available,01:59:24 20/05/2026
Elder Dragon (Alternate Art),Unleashed,Showcase,#118a/219,100,35.99,45.6,Available,01:59:24 20/05/2026
Falling Comet,Origins,Common,#085/298,718,0.08,0.18,Available,01:59:24 20/05/2026
Vanguard Armory,Spiritforged,Uncommon,#168/221,579,0.2,0.25,Available,01:59:24 20/05/2026
Kai'Sa - Survivor,Origins,Epic,#039/298,108,49.99,57.35,Available,01:59:24 20/05/2026
Chaos Rune (Alternate Art),Origins,Showcase,#166a/298,82,6.48,8.05,Available,01:59:24 20/05/2026
Tricksy Tentacles,Unleashed,Rare,#054/219,361,0.1,0.22,Available,01:59:24 20/05/2026
Abandoned Hall,Unleashed,Uncommon,#205/219,411,0.02,0.1,Available,01:59:24 20/05/2026
Lucian - Merciless,Spiritforged,Rare,#113/221,437,0.19,0.33,Available,01:59:24 20/05/2026
Sprite Mother,Origins,Uncommon,#106/298,439,0.25,0.49,Available,01:59:24 20/05/2026
Startipped Peak,Origins,Uncommon,#288/298,442,0.1,0.23,Available,01:59:24 20/05/2026
Safety Inspector,Unleashed,Uncommon,#164/219,344,0.05,0.13,Available,01:59:24 20/05/2026
Gentle Gemdragon,Unleashed,Uncommon,#104/219,491,0.02,0.19,Available,01:59:24 20/05/2026
Herald of Scales,Origins,Uncommon,#140/298,337,0.1,0.19,Available,01:59:24 20/05/2026
Invert Timelines,Origins,Epic,#201/298,86,17.95,22.21,Available,01:59:24 20/05/2026
Frigid Jewel,Unleashed,Uncommon,#074/219,362,0.09,0.12,Available,01:59:24 20/05/2026
Ivern - Nurturer,Unleashed,Rare,#051/219,358,0.1,0.14,Available,01:59:24 20/05/2026
Long Sword,Spiritforged,Rare,#022/221,534,0.1,0.24,Available,01:59:24 20/05/2026
Here to Help,Spiritforged,Rare,#111/221,552,0.13,0.23,Available,01:59:24 20/05/2026
Jayce - Man of Progress,Spiritforged,Rare,#084/221,459,0.15,0.37,Available,01:59:24 20/05/2026
Confront,Origins,Common,#129/298,909,0.04,0.1,Available,01:59:24 20/05/2026
Jhin - Meticulous Killer (Alternate Art),Unleashed,Showcase,#089a/219,65,4.5,4.89,Available,01:59:24 20/05/2026
Master Yi - Unstoppable (Alternate Art),Unleashed,Showcase,#059a/219,97,3.4,3.98,Available,01:59:24 20/05/2026
Red Brambleback (Alternate Art),Unleashed,Showcase,#029a/219,90,2.7,3.32,Available,01:59:24 20/05/2026
Sprite (274) // Buff,Origins,Common,#274/298,405,0.03,0.11,Available,01:59:24 20/05/2026
Azir - Sovereign,Spiritforged,Epic,#177/221,169,0.99,2.15,Available,01:59:24 20/05/2026
Lillia - Fae Fawn (Alternate Art),Unleashed,Showcase,#082a/219,60,3.81,6.96,Available,01:59:24 20/05/2026
Rengar - Unseen (Alternate Art),Unleashed,Showcase,#024a/219,89,2.52,2.49,Available,01:59:24 20/05/2026
Blue Sentinel (Alternate Art),Unleashed,Showcase,#087a/219,117,3.97,3.8,Available,01:59:24 20/05/2026
Grove of the God-Willow,Origins,Uncommon,#280/298,399,0.1,0.28,Available,01:59:24 20/05/2026
Kha'Zix - Evolving Hunter (Alternate Art),Unleashed,Showcase,#119a/219,88,1.99,2.41,Available,01:59:24 20/05/2026
Diana - No Longer Human (Alternate Art),Unleashed,Showcase,#149a/219,88,5,9.2,Available,01:59:24 20/05/2026
Trusty Ramhound,Spiritforged,Common,#159/221,942,0.03,0.05,Available,01:59:24 20/05/2026
Pyke - Dockside Butcher (Alternate Art),Unleashed,Showcase,#028a/219,88,7.28,7.9,Available,01:59:24 20/05/2026
Lillia - Protector of Dreams (Alternate Art),Unleashed,Showcase,#058a/219,63,4,4.28,Available,01:59:24 20/05/2026
Poro Snax,Spiritforged,Uncommon,#046/221,654,0.1,0.17,Available,01:59:24 20/05/2026
The Syren,Origins,Uncommon,#184/298,302,0.22,0.25,Available,01:59:24 20/05/2026
Shen - Kinkou,Origins,Rare,#241/298,218,0.97,1.08,Available,01:59:24 20/05/2026
Sinister Poro,Unleashed,Uncommon,#137/219,336,0.1,0.12,Available,01:59:24 20/05/2026
Hostile Takeover,Spiritforged,Epic,#202/221,248,0.74,1.27,Available,01:59:24 20/05/2026
Windswept Hillock,Origins,Uncommon,#297/298,341,0.1,0.24,Available,01:59:24 20/05/2026
Unsung Hero,Spiritforged,Uncommon,#167/221,669,0.08,0.16,Available,01:59:24 20/05/2026
Draven - Audacious,Spiritforged,Epic,#148/221,209,2,3.84,Available,01:59:24 20/05/2026
Bard - Mercurial,Spiritforged,Rare,#079/221,600,0.1,0.13,Available,01:59:24 20/05/2026
Thermo Beam,Origins,Uncommon,#022/298,247,0.33,0.54,Available,01:59:24 20/05/2026
Frigid Touch,Spiritforged,Common,#066/221,905,0.02,0.07,Available,01:59:24 20/05/2026
Ancient Henge,Spiritforged,Epic,#117/221,81,0.64,2.15,Available,01:59:24 20/05/2026
Whiteflame Protector,Origins,Epic,#082/298,156,6.95,9.49,Available,01:59:24 20/05/2026
Relentless Pursuit,Spiritforged,Epic,#184/221,282,1.19,1.49,Available,01:59:24 20/05/2026
Zenith Blade,Origins,Epic,#262/298,109,6.99,9.82,Available,01:59:24 20/05/2026
Fresh Beans,Unleashed,Uncommon,#011/219,453,0.07,0.16,Available,01:59:24 20/05/2026
Vex - Mocking (Alternate Art),Unleashed,Showcase,#055a/219,78,1.3,1.16,Available,01:59:24 20/05/2026
Teemo - Strategist,Origins,Epic,#121/298,30,2.8,6.18,Available,01:59:24 20/05/2026
LeBlanc - Everywhere At Once (Alternate Art),Unleashed,Showcase,#090a/219,120,7.5,8.66,Available,01:59:24 20/05/2026
Xin Zhao - Vigilant,Spiritforged,Rare,#176/221,392,0.23,0.33,Available,01:59:24 20/05/2026
Ivern - Nurturer (Alternate Art),Unleashed,Showcase,#051a/219,79,0.98,1.1,Available,01:59:24 20/05/2026
Aspirant's Climb,Origins,Uncommon,#276/298,308,0.13,0.25,Available,01:59:24 20/05/2026
Boneshiver,Spiritforged,Epic,#118/221,221,3.49,4.56,Available,01:59:24 20/05/2026
The Arena's Greatest,Origins,Uncommon,#290/298,242,0.1,0.33,Available,01:59:24 20/05/2026
Dancing Grenade,Unleashed,Rare,#020/219,343,0.05,0.16,Available,01:59:24 20/05/2026
Ravenbloom Conservatory,Spiritforged,Uncommon,#215/221,673,0.05,0.11,Available,01:59:24 20/05/2026
Counter Strike,Spiritforged,Epic,#194/221,310,0.69,1.11,Available,01:59:24 20/05/2026
Guards!,Spiritforged,Common,#154/221,925,0.05,0.09,Available,01:59:24 20/05/2026
Rek'Sai - Breacher,Spiritforged,Epic,#029/221,83,4.98,6.34,Available,01:59:24 20/05/2026
Poppy - Defender of the Meek (Alternate Art),Unleashed,Showcase,#178a/219,86,2.27,2.27,Available,01:59:24 20/05/2026
Ember Monk,Origins,Common,#167/298,702,0.08,0.16,Available,01:59:24 20/05/2026
Body Rune (Alternate Art),Origins,Showcase,#126a/298,125,4.09,4.67,Available,01:59:24 20/05/2026
Starhound,Unleashed,Uncommon,#167/219,342,0.04,0.11,Available,01:59:24 20/05/2026
Fury Rune (Alternate Art),Origins,Showcase,#007a/298,134,2.99,3.54,Available,01:59:24 20/05/2026
Soul Sword,Unleashed,Common,#039/219,464,0.02,0.09,Available,01:59:24 20/05/2026
Doran's Shield,Spiritforged,Common,#033/221,954,0.02,0.09,Available,01:59:24 20/05/2026
Eye of the Herald,Spiritforged,Common,#153/221,927,0.05,0.12,Available,01:59:24 20/05/2026
Progress Day,Origins,Rare,#114/298,147,0.67,0.81,Available,01:59:24 20/05/2026
Ivern - Friend to All (Alternate Art),Unleashed,Showcase,#177a/219,111,2.47,2.91,Available,01:59:24 20/05/2026
Rockfall Path,Spiritforged,Uncommon,#216/221,698,0.05,0.09,Available,01:59:24 20/05/2026
Smite,Unleashed,Common,#007/219,524,0.02,0.09,Available,01:59:24 20/05/2026
Vi - Hotheaded (Alternate Art),Unleashed,Showcase,#030a/219,116,2.17,2.77,Available,01:59:24 20/05/2026
Sky Splitter,Origins,Common,#014/298,731,0.02,0.11,Available,01:59:24 20/05/2026
Dusk Rose Lab,Unleashed,Uncommon,#209/219,431,0.02,0.1,Available,01:59:24 20/05/2026
Time Warp,Origins,Epic,#122/298,155,33.5,39.2,Available,01:59:24 20/05/2026
LeBlanc - Fragmented (Alternate Art),Unleashed,Showcase,#172a/219,117,6.16,7.33,Available,01:59:24 20/05/2026
Forbidding Waste,Unleashed,Uncommon,#210/219,425,0.02,0.08,Available,01:59:24 20/05/2026
Downstage Dramatics,Unleashed,Common,#061/219,463,0.01,0.06,Available,01:59:24 20/05/2026
Poppy - Paragon (Alternate Art),Unleashed,Showcase,#116a/219,101,1.3,1.85,Available,01:59:24 20/05/2026
Detonate,Spiritforged,Common,#005/221,911,0.02,0.06,Available,01:59:24 20/05/2026
Convergent Mutation,Origins,Rare,#108/298,621,0.03,0.2,Available,01:59:24 20/05/2026
Stalking Wolf,Unleashed,Uncommon,#166/219,482,0.01,0.1,Available,01:59:24 20/05/2026
Mind Rune (Alternate Art),Origins,Showcase,#089a/298,123,4.67,6.48,Available,01:59:24 20/05/2026
Vault Breaker,Unleashed,Common,#010/219,539,0.04,0.1,Available,01:59:24 20/05/2026
Sterak's Gage,Spiritforged,Rare,#056/221,596,0.1,0.2,Available,01:59:24 20/05/2026
Undying Loyalty,Unleashed,Uncommon,#168/219,389,0.14,0.2,Available,01:59:24 20/05/2026
Ivern - Green Father,Unleashed,Rare,#195/219,404,0.09,0.12,Available,01:59:24 20/05/2026
Frisky Hunter,Unleashed,Common,#033/219,495,0.01,0.09,Available,01:59:24 20/05/2026
Gold // Buff,Spiritforged,Common,#T03,348,0.07,0.11,Available,01:59:24 20/05/2026
Order Rune (Alternate Art),Origins,Showcase,#214a/298,97,6.41,5.78,Available,01:59:24 20/05/2026
Jhin - Virtuoso,Unleashed,Rare,#181/219,396,0.04,0.08,Available,01:59:24 20/05/2026
Heroic Charge,Unleashed,Common,#155/219,465,0.02,0.08,Available,01:59:24 20/05/2026
Loyal Poro,Unleashed,Common,#156/219,462,0.02,0.09,Available,01:59:24 20/05/2026
Body Rune,Riftbound Organized Play Promotional Cards,Promo,#126b/298,97,2.98,3.34,Available,01:59:24 20/05/2026
Conscription,Unleashed,Rare,#140/219,449,0.02,0.12,Available,01:59:24 20/05/2026
Undertitan,Spiritforged,Rare,#175/221,575,0.14,0.22,Available,01:59:24 20/05/2026
Xerath - Freed,Unleashed,Rare,#026/219,337,0.04,0.19,Available,01:59:24 20/05/2026
Carrion Dredger,Unleashed,Common,#153/219,551,0.01,0.06,Available,01:59:24 20/05/2026
Chakram Dancer,Unleashed,Uncommon,#071/219,457,0.01,0.1,Available,01:59:24 20/05/2026
Tianna Crownguard,Spiritforged,Epic,#060/221,166,2.6,2.75,Available,01:59:24 20/05/2026
Divine Judgment,Origins,Epic,#244/298,186,3,3.73,Available,01:59:24 20/05/2026
Petal Pixie,Unleashed,Common,#076/219,340,0.1,0.12,Available,01:59:24 20/05/2026
Master Yi - Wuju Master,Unleashed,Rare,#191/219,416,0.08,0.14,Available,01:59:24 20/05/2026
Mind Rune,Riftbound Organized Play Promotional Cards,Promo,#089b/298,73,5.99,4.86,Available,01:59:24 20/05/2026
Angler Beast,Unleashed,Uncommon,#132/219,356,0.1,0.12,Available,01:59:24 20/05/2026
Skyfall of Areion,Spiritforged,Epic,#030/221,165,6,6.82,Available,01:59:24 20/05/2026
Anivia - Primal,Origins,Rare,#148/298,267,0.39,0.4,Available,01:59:24 20/05/2026
Blood Rush,Spiritforged,Common,#003/221,990,0.02,0.08,Available,01:59:24 20/05/2026
Daring Poro,Origins,Common,#210/298,975,0.04,0.13,Available,01:59:24 20/05/2026
Stormbringer,Origins,Epic,#250/298,142,4.99,5.59,Available,01:59:24 20/05/2026
Lecturing Yordle,Origins,Common,#087/298,546,0.08,0.21,Available,01:59:24 20/05/2026
Kha'Zix - Voidreaver,Unleashed,Rare,#201/219,427,0.01,0.14,Available,01:59:24 20/05/2026
Lillia - Bashful Bloom,Unleashed,Rare,#189/219,393,0.03,0.14,Available,01:59:24 20/05/2026
Fury Rune,Riftbound Organized Play Promotional Cards,Promo,#007b/298,114,3.5,3.92,Available,01:59:24 20/05/2026
Clash of Giants,Unleashed,Rare,#110/219,491,0.01,0.14,Available,01:59:24 20/05/2026
Sharkling,Unleashed,Common,#006/219,456,0.01,0.08,Available,01:59:24 20/05/2026
Pyke - Bloodharbor Ripper,Unleashed,Rare,#185/219,411,0.05,0.14,Available,01:59:24 20/05/2026
Sunken Temple,Spiritforged,Uncommon,#218/221,637,0.07,0.12,Available,01:59:24 20/05/2026
Block,Origins,Uncommon,#057/298,405,0.1,0.28,Available,01:59:24 20/05/2026
Rengar - Pridestalker,Unleashed,Rare,#183/219,396,0.01,0.13,Available,01:59:24 20/05/2026
Irelia - Fervent (Alternate Art),Spiritforged,Showcase,#057a/221,140,6.59,7.33,Available,01:59:24 20/05/2026
Iascylla,Unleashed,Rare,#050/219,332,0.09,0.13,Available,01:59:24 20/05/2026
Calm Rune (Alternate Art),Origins,Showcase,#042a/298,121,6,6.95,Available,01:59:24 20/05/2026
Caitlyn - Patrolling,Origins,Rare,#068/298,273,0.18,0.41,Available,01:59:24 20/05/2026
On the Hunt,Spiritforged,Epic,#204/221,278,0.44,0.65,Available,01:59:24 20/05/2026
Calm Rune,Riftbound Organized Play Promotional Cards,Promo,#042b/298,100,3.99,4.63,Available,01:59:24 20/05/2026
Seat of Power,Spiritforged,Uncommon,#217/221,705,0.05,0.1,Available,01:59:24 20/05/2026
Amateur Recital,Unleashed,Uncommon,#207/219,432,0.02,0.11,Available,01:59:24 20/05/2026
Premonition,Spiritforged,Epic,#087/221,186,1.75,2.28,Available,01:59:24 20/05/2026
Vilemaw's Lair,Origins,Uncommon,#295/298,213,0.19,0.31,Available,01:59:24 20/05/2026
Factory Recall,Spiritforged,Uncommon,#135/221,665,0.05,0.1,Available,01:59:24 20/05/2026
Lotus Trap,Unleashed,Uncommon,#013/219,355,0.01,0.1,Available,01:59:24 20/05/2026
Poppy - Keeper of the Hammer,Unleashed,Rare,#203/219,385,0.05,0.09,Available,01:59:24 20/05/2026
Ezreal - Prodigy (Alternate Art),Spiritforged,Showcase,#149a/221,194,9,12.4,Available,01:59:24 20/05/2026
Dr. Mundo - Expert,Origins,Rare,#109/298,282,0.4,0.6,Available,01:59:24 20/05/2026
Square Up,Unleashed,Uncommon,#017/219,365,0.05,0.13,Available,01:59:24 20/05/2026
Deadbloom Predator,Origins,Epic,#161/298,217,9.99,12.36,Available,01:59:24 20/05/2026
Blade of the Ruined King,Spiritforged,Epic,#178/221,140,1.23,2.21,Available,01:59:24 20/05/2026
Super Mega Death Rocket!,Origins,Epic,#252/298,169,4.49,5.97,Available,01:59:24 20/05/2026
Fox-Fire,Origins,Epic,#256/298,144,2,3.57,Available,01:59:24 20/05/2026
Forgefire Cape,Spiritforged,Epic,#190/221,403,0.2,0.33,Available,01:59:24 20/05/2026
Void Seeker,Origins,Uncommon,#024/298,611,0.13,0.23,Available,01:59:24 20/05/2026
Trifarian War Camp,Origins,Uncommon,#294/298,334,0.24,0.28,Available,01:59:24 20/05/2026
The Harrowing,Origins,Rare,#198/298,279,0.24,0.31,Available,01:59:24 20/05/2026
Stare Down,Unleashed,Uncommon,#107/219,372,0.04,0.11,Available,01:59:24 20/05/2026
Hextech Ray,Origins,Common,#009/298,596,0.05,0.19,Available,01:59:24 20/05/2026
Sacred Shears,Spiritforged,Rare,#172/221,639,0.1,0.16,Available,01:59:24 20/05/2026
Shakedown,Origins,Rare,#033/298,275,0.22,0.34,Available,01:59:24 20/05/2026
Gemhand Hunter,Unleashed,Common,#094/219,472,0.02,0.07,Available,01:59:24 20/05/2026
Gem Jammer,Spiritforged,Common,#007/221,971,0.02,0.07,Available,01:59:24 20/05/2026
Pit Crew,Origins,Common,#091/298,714,0.04,0.15,Available,01:59:24 20/05/2026
Blood Money,Spiritforged,Uncommon,#162/221,706,0.05,0.14,Available,01:59:24 20/05/2026
Faithful Manufactor,Origins,Common,#211/298,571,0.09,0.18,Available,01:59:24 20/05/2026
Concentrate,Unleashed,Common,#091/219,460,0.01,0.07,Available,01:59:24 20/05/2026
Chaos Rune,Riftbound Organized Play Promotional Cards,Promo,#166b/298,97,5.32,6.63,Available,01:59:24 20/05/2026
Yone - Blademaster,Spiritforged,Rare,#116/221,634,0.12,0.18,Available,01:59:24 20/05/2026
Immortal Phoenix,Origins,Epic,#037/298,188,8.3,12.24,Available,01:59:24 20/05/2026
Miss Fortune - Captain,Origins,Epic,#162/298,138,3.49,5.41,Available,01:59:24 20/05/2026
Order Rune (R06b),Spiritforged,Promo,#R06b,59,8.5,7.46,Available,01:59:24 20/05/2026
Sumpworks Map,Unleashed,Rare,#085/219,443,0.01,0.1,Available,01:59:24 20/05/2026
Ultrasoft Poro,Unleashed,Common,#160/219,482,0.02,0.1,Available,01:59:24 20/05/2026
Corina Veraza,Spiritforged,Epic,#179/221,143,0.99,1.57,Available,01:59:24 20/05/2026
Zaun Warrens,Origins,Uncommon,#298/298,427,0.1,0.24,Available,01:59:24 20/05/2026
Rally the Troops,Spiritforged,Uncommon,#166/221,646,0.08,0.14,Available,01:59:24 20/05/2026
Rek'Sai - Breacher (Alternate Art),Spiritforged,Showcase,#029a/221,59,6.49,6.37,Available,01:59:24 20/05/2026
Mind Rune (R03b),Spiritforged,Promo,#R03b,56,10.42,10.72,Available,01:59:24 20/05/2026
Azir - Sovereign (Alternate Art),Spiritforged,Showcase,#177a/221,124,1.89,3.36,Available,01:59:24 20/05/2026
Upstage Comedy,Unleashed,Common,#009/219,484,0.01,0.09,Available,01:59:24 20/05/2026
Vayne - Hunter,Origins,Rare,#035/298,269,0.2,0.5,Available,01:59:24 20/05/2026
Leona - Determined,Origins,Rare,#238/298,284,0.29,0.53,Available,01:59:24 20/05/2026
Kai'Sa - Survivor (Alternate Art),Origins,Showcase,#039a/298,91,48,61.24,Available,01:59:24 20/05/2026
Promising Future,Origins,Rare,#115/298,396,0.13,0.25,Available,01:59:24 20/05/2026
Drag Under,Spiritforged,Uncommon,#164/221,622,0.1,0.15,Available,01:59:24 20/05/2026
Draven - Audacious (Alternate Art),Spiritforged,Showcase,#148a/221,144,3.95,4.56,Available,01:59:24 20/05/2026
Monastery of Hirana,Origins,Uncommon,#282/298,427,0.1,0.23,Available,01:59:24 20/05/2026
Recruit (273) // Buff,Origins,Common,#273/298,354,0.1,0.16,Available,01:59:24 20/05/2026
Against the Odds,Spiritforged,Common,#001/221,987,0.02,0.07,Available,01:59:24 20/05/2026
Dune Drake,Origins,Common,#131/298,803,0.02,0.09,Available,01:59:24 20/05/2026
Danger Zone,Spiritforged,Epic,#182/221,322,0.25,0.48,Available,01:59:24 20/05/2026
Fading Memories,Origins,Uncommon,#180/298,572,0.08,0.22,Available,01:59:24 20/05/2026
Annie - Stubborn,Origins: Proving Grounds,Rare,#010/024,43,2.75,6.06,Available,01:59:24 20/05/2026
Sigil of the Storm,Origins,Uncommon,#287/298,425,0.1,0.19,Available,01:59:24 20/05/2026
Fiora - Worthy,Spiritforged,Epic,#180/221,257,0.4,0.53,Available,01:59:24 20/05/2026
Insightful Investigator,Unleashed,Uncommon,#135/219,365,0.01,0.1,Available,01:59:24 20/05/2026
Ornn - Forge God,Spiritforged,Rare,#085/221,488,0.15,0.24,Available,01:59:24 20/05/2026
Direwing,Spiritforged,Common,#094/221,911,0.02,0.06,Available,01:59:24 20/05/2026
Hextech Anomaly,Spiritforged,Rare,#083/221,621,0.1,0.13,Available,01:59:24 20/05/2026
Trevor Snoozebottom,Unleashed,Uncommon,#048/219,431,0.02,0.11,Available,01:59:24 20/05/2026
Vanguard Captain,Origins,Common,#218/298,694,0.1,0.17,Available,01:59:24 20/05/2026
Disposal Order,Unleashed,Uncommon,#103/219,348,0.05,0.13,Available,01:59:24 20/05/2026
Icathian Rain,Origins,Epic,#248/298,219,3.23,4.24,Available,01:59:24 20/05/2026
Teemo - Strategist (Alternate Art),Origins,Showcase,#121a/298,43,6.99,8.16,Available,01:59:24 20/05/2026
Shurelya's Requiem,Spiritforged,Epic,#192/221,389,0.1,0.39,Available,01:59:24 20/05/2026
Jinx - Loose Cannon,Origins,Rare,#251/298,440,0.2,0.27,Available,01:59:24 20/05/2026
Carnivorous Snapvine,Origins,Rare,#149/298,236,0.25,0.49,Available,01:59:24 20/05/2026
Draven - Showboat,Origins,Rare,#028/298,285,0.2,0.62,Available,01:59:24 20/05/2026
Jinx - Demolitionist,Origins,Rare,#030/298,478,0.21,0.23,Available,01:59:24 20/05/2026
Warwick - Hunter,Origins,Rare,#159/298,274,0.32,0.51,Available,01:59:24 20/05/2026
Draven - Vanquisher,Spiritforged,Rare,#020/221,640,0.1,0.17,Available,01:59:24 20/05/2026
Soul Shepherd,Unleashed,Uncommon,#077/219,352,0.05,0.1,Available,01:59:24 20/05/2026
Fae Dragon,Spiritforged,Uncommon,#101/221,772,0.05,0.09,Available,01:59:24 20/05/2026
Isolate,Unleashed,Common,#124/219,476,0.02,0.09,Available,01:59:24 20/05/2026
Vengeance,Origins,Uncommon,#229/298,488,0.15,0.21,Available,01:59:24 20/05/2026
Miss Fortune - Bounty Hunter,Origins,Rare,#267/298,311,0.24,0.25,Available,01:59:24 20/05/2026
Azir - Ascendant,Spiritforged,Rare,#050/221,585,0.1,0.16,Available,01:59:24 20/05/2026
Rabadon's Deathcrown,Spiritforged,Epic,#191/221,398,0.1,0.41,Available,01:59:24 20/05/2026
Teemo - Scout (Alternate Art),Origins,Showcase,#197a/298,40,9.44,10.13,Available,01:59:24 20/05/2026
Sett - Kingpin,Origins,Rare,#240/298,323,0.35,0.39,Available,01:59:24 20/05/2026
Show of Strength,Spiritforged,Uncommon,#106/221,728,0.08,0.1,Available,01:59:24 20/05/2026
Spirit Wheel,Spiritforged,Rare,#144/221,647,0.1,0.14,Available,01:59:24 20/05/2026
Teemo - Swift Scout,Origins,Rare,#263/298,293,0.25,0.34,Available,01:59:24 20/05/2026
Body Rune (R04b),Spiritforged,Promo,#R04b,53,5.95,6.51,Available,01:59:24 20/05/2026
Grand Strategem,Origins,Rare,#233/298,274,0.28,0.51,Available,01:59:24 20/05/2026
Wuju Apprentice,Unleashed,Common,#040/219,472,0.01,0.06,Available,01:59:24 20/05/2026
Dunebreaker,Spiritforged,Epic,#027/221,199,0.75,1.44,Available,01:59:24 20/05/2026
The Zero Drive,Spiritforged,Epic,#090/221,184,1.32,1.62,Available,01:59:24 20/05/2026
Chaos Rune (R05b),Spiritforged,Promo,#R05b,61,12.21,13.37,Available,01:59:24 20/05/2026
Demacian Diplomat,Unleashed,Common,#092/219,537,0.02,0.09,Available,01:59:24 20/05/2026
Order Rune,Riftbound Organized Play Promotional Cards,Promo,#214b/298,83,4.1,4.71,Available,01:59:24 20/05/2026
Siphon Power,Origins,Epic,#266/298,210,1.25,1.86,Available,01:59:24 20/05/2026
Ornn - Blacksmith,Spiritforged,Epic,#058/221,243,0.45,0.73,Available,01:59:24 20/05/2026
Bandle Tree,Origins,Uncommon,#278/298,531,0.1,0.23,Available,01:59:24 20/05/2026
Azir - Emperor of the Sands,Spiritforged,Rare,#197/221,592,0.1,0.17,Available,01:59:24 20/05/2026
Miss Fortune - Buccaneer,Origins,Rare,#193/298,301,0.18,0.39,Available,01:59:24 20/05/2026
Mosstomper,Unleashed,Uncommon,#047/219,370,0.04,0.15,Available,01:59:24 20/05/2026
Eager Apprentice,Origins,Common,#084/298,929,0.01,0.06,Available,01:59:24 20/05/2026
Heimerdinger - Inventor,Origins,Rare,#111/298,248,0.23,0.43,Available,01:59:24 20/05/2026
The Papertree,Spiritforged,Uncommon,#219/221,713,0.02,0.08,Available,01:59:24 20/05/2026
Morbid Return,Origins,Common,#170/298,843,0.01,0.1,Available,01:59:24 20/05/2026
Cithria of Cloudfield,Origins,Uncommon,#139/298,775,0.05,0.22,Available,01:59:24 20/05/2026
Kayn - Unleashed,Origins,Rare,#189/298,322,0.29,0.37,Available,01:59:24 20/05/2026
Renata Glasc - Industrialist,Spiritforged,Rare,#171/221,571,0.17,0.22,Available,01:59:24 20/05/2026
The Candlelit Sanctum,Origins,Uncommon,#291/298,339,0.1,0.26,Available,01:59:24 20/05/2026
Sivir - Mercenary,Spiritforged,Rare,#143/221,570,0.1,0.2,Available,01:59:24 20/05/2026
Hunter's Machete,Unleashed,Common,#096/219,480,0.01,0.09,Available,01:59:24 20/05/2026
Ezreal - Dashing,Spiritforged,Rare,#082/221,643,0.05,0.21,Available,01:59:24 20/05/2026
Leona - Zealot,Origins,Epic,#079/298,139,2.52,2.47,Available,01:59:24 20/05/2026
Kai'Sa - Evolutionary,Origins,Rare,#112/298,207,0.46,0.46,Available,01:59:24 20/05/2026
Irelia - Graceful,Spiritforged,Rare,#141/221,637,0.1,0.18,Available,01:59:24 20/05/2026
World Atlas,Spiritforged,Rare,#086/221,633,0.03,0.14,Available,01:59:24 20/05/2026
Frozen Fortress,Unleashed,Uncommon,#212/219,461,0.02,0.12,Available,01:59:24 20/05/2026
Karma - Channeler,Origins,Rare,#235/298,298,0.24,0.28,Available,01:59:24 20/05/2026
Dropboarder,Spiritforged,Uncommon,#072/221,676,0.03,0.14,Available,01:59:24 20/05/2026
Angle Shot,Spiritforged,Uncommon,#011/221,750,0.05,0.1,Available,01:59:24 20/05/2026
Skyward Strike,Unleashed,Common,#038/219,454,0.01,0.11,Available,01:59:24 20/05/2026
Primal Strength,Origins,Rare,#154/298,329,0.25,0.32,Available,01:59:24 20/05/2026
Hall of Legends,Spiritforged,Uncommon,#210/221,707,0.05,0.09,Available,01:59:24 20/05/2026
Arena Bar,Origins,Common,#124/298,800,0.02,0.11,Available,01:59:24 20/05/2026
Forgotten Signpost,Unleashed,Common,#045/219,341,0.03,0.11,Available,01:59:24 20/05/2026
Volibear - Imposing,Origins,Rare,#158/298,301,0.24,0.38,Available,01:59:24 20/05/2026
Blast Cone,Unleashed,Uncommon,#133/219,457,0.03,0.08,Available,01:59:24 20/05/2026
Cloth Armor,Spiritforged,Common,#064/221,983,0.01,0.08,Available,01:59:24 20/05/2026
Irelia - Blade Dancer,Spiritforged,Rare,#195/221,646,0.1,0.23,Available,01:59:24 20/05/2026
Noxian Guillotine,Origins,Epic,#254/298,150,0.99,1.48,Available,01:59:24 20/05/2026
Sett - Brawler (Alternate Art),Origins,Showcase,#164a/298,90,18.99,24.79,Available,01:59:24 20/05/2026
Jax - Unrelenting,Spiritforged,Epic,#119/221,238,0.59,0.93,Available,01:59:24 20/05/2026
Ahri - Inquisitive,Origins,Epic,#119/298,156,3,5.75,Available,01:59:24 20/05/2026
Forge of the Future,Origins,Common,#212/298,1032,0.01,0.1,Available,01:59:24 20/05/2026
Renata Glasc - Mastermind,Spiritforged,Epic,#088/221,254,0.49,0.97,Available,01:59:24 20/05/2026
Divining Shells,Unleashed,Uncommon,#161/219,362,0.01,0.12,Available,01:59:24 20/05/2026
Reckoner's Arena,Origins,Uncommon,#286/298,591,0.09,0.14,Available,01:59:24 20/05/2026
Lucian - Gunslinger,Spiritforged,Epic,#028/221,237,0.45,0.74,Available,01:59:24 20/05/2026
Doran's Blade,Spiritforged,Common,#095/221,1007,0.01,0.09,Available,01:59:24 20/05/2026
Machine Evangel,Origins,Rare,#239/298,280,0.22,0.52,Available,01:59:24 20/05/2026
Sea Monkey,Spiritforged,Common,#098/221,958,0.02,0.08,Available,01:59:24 20/05/2026
Mister Root,Unleashed,Common,#127/219,471,0.02,0.11,Available,01:59:24 20/05/2026
Udyr - Wildman,Origins,Rare,#157/298,434,0.21,0.26,Available,01:59:24 20/05/2026
Disintegrate,Origins,Common,#005/298,848,0.01,0.08,Available,01:59:24 20/05/2026
Rumble - Scrapper,Spiritforged,Epic,#089/221,190,0.45,0.78,Available,01:59:24 20/05/2026
Calm Rune (R02b),Spiritforged,Promo,#R02b,48,10.5,11.62,Available,01:59:24 20/05/2026
Last Stand,Origins,Rare,#069/298,355,0.1,0.33,Available,01:59:24 20/05/2026
Possession,Origins,Epic,#203/298,166,1.99,1.9,Available,01:59:24 20/05/2026
Jax - Unrelenting (Alternate Art),Spiritforged,Showcase,#119a/221,169,0.93,1.09,Available,01:59:24 20/05/2026
Jinx - Rebel,Riftbound Organized Play Promotional Cards,Promo,#202/298,16,16.88,22.43,Available,01:59:24 20/05/2026
Tryndamere - Barbarian,Origins,Rare,#034/298,404,0.01,0.23,Available,01:59:24 20/05/2026
Volibear - Furious,Origins,Epic,#041/298,185,0.99,1.55,Available,01:59:24 20/05/2026
Soulgorger,Origins,Rare,#196/298,287,0.19,0.35,Available,01:59:24 20/05/2026
Riptide Rex,Origins,Common,#092/298,735,0.07,0.16,Available,01:59:24 20/05/2026
Forgotten Monument,Spiritforged,Uncommon,#209/221,741,0.04,0.1,Available,01:59:24 20/05/2026
Long Sword (Top 8),Riftbound Organized Play Promotional Cards,Promo,#022/221,100,0.45,0.46,Available,01:59:24 20/05/2026
Lee Sin - Ascetic,Riftbound Organized Play Promotional Cards,Promo,#078/298,61,5.01,5.55,Available,01:59:24 20/05/2026
Lucian - Merciless (Alternate Art),Spiritforged,Showcase,#113a/221,128,1.55,4.17,Available,01:59:24 20/05/2026
Beast Below,Spiritforged,Uncommon,#132/221,684,0.02,0.08,Available,01:59:24 20/05/2026
Maduli the Gatekeeper,Unleashed,Rare,#144/219,463,0.01,0.11,Available,01:59:24 20/05/2026
Rell - Magnetic,Spiritforged,Rare,#024/221,616,0.09,0.12,Available,01:59:24 20/05/2026
Warmog's Armor,Spiritforged,Uncommon,#108/221,725,0.01,0.08,Available,01:59:24 20/05/2026
Veteran Poro,Spiritforged,Common,#099/221,973,0.01,0.07,Available,01:59:24 20/05/2026
Clockwork Keeper,Origins,Common,#044/298,892,0.03,0.15,Available,01:59:24 20/05/2026
Black Flame Altar,Unleashed,Uncommon,#208/219,427,0.01,0.07,Available,01:59:24 20/05/2026
Treasure Hoard,Spiritforged,Uncommon,#220/221,698,0.05,0.08,Available,01:59:24 20/05/2026
Leona - Radiant Dawn,Origins,Rare,#261/298,375,0.24,0.39,Available,01:59:24 20/05/2026
Master Yi - Wuju Bladesman (Starter),Origins: Proving Grounds,Rare,#019/024,32,15,31.19,Available,01:59:24 20/05/2026
Battering Ram,Spiritforged,Uncommon,#012/221,639,0.1,0.12,Available,01:59:24 20/05/2026
Rek'Sai - Swarm Queen,Spiritforged,Rare,#170/221,702,0.1,0.13,Available,01:59:24 20/05/2026
Mageseeker Warden,Origins,Rare,#070/298,353,0.15,0.23,Available,01:59:24 20/05/2026
Combat Experience,Unleashed,Common,#031/219,536,0.02,0.1,Available,01:59:24 20/05/2026
Renata Glasc - Mastermind (Alternate Art),Spiritforged,Showcase,#088a/221,141,1.24,1.6,Available,01:59:24 20/05/2026
Sivir - Ambitious,Spiritforged,Epic,#120/221,269,0.38,0.65,Available,01:59:24 20/05/2026
Fiora - Peerless,Spiritforged,Rare,#110/221,659,0.05,0.12,Available,01:59:24 20/05/2026
Darius - Executioner,Origins,Epic,#243/298,172,0.49,1.09,Available,01:59:24 20/05/2026
Jax - Unmatched,Spiritforged,Rare,#054/221,614,0.09,0.2,Available,01:59:24 20/05/2026
Kinkou Monk,Origins,Uncommon,#141/298,482,0.09,0.22,Available,01:59:24 20/05/2026
Party Favors,Origins,Rare,#071/298,394,0.1,0.28,Available,01:59:24 20/05/2026
Kai'Sa - Daughter of the Void,Origins,Rare,#247/298,300,0.17,0.37,Available,01:59:24 20/05/2026
Void Gate,Origins,Uncommon,#296/298,359,0.1,0.23,Available,01:59:24 20/05/2026
Last Breath,Origins,Epic,#260/298,157,1.35,2.24,Available,01:59:24 20/05/2026
Renata Glasc - Industrialist (Alternate Art),Spiritforged,Showcase,#171a/221,155,0.59,0.93,Available,01:59:24 20/05/2026
Sudden Storm,Spiritforged,Uncommon,#017/221,702,0.03,0.11,Available,01:59:24 20/05/2026
Fortified Position,Origins,Uncommon,#279/298,494,0.1,0.2,Available,01:59:24 20/05/2026
Aphelios - Exalted,Spiritforged,Rare,#049/221,501,0.16,0.18,Available,01:59:24 20/05/2026
Sivir - Ambitious (Alternate Art),Spiritforged,Showcase,#120a/221,178,0.89,1.26,Available,01:59:24 20/05/2026
Irelia - Graceful (Alternate Art),Spiritforged,Showcase,#141a/221,149,0.84,1.46,Available,01:59:24 20/05/2026
Twisted Fate - Gambler,Origins,Rare,#200/298,328,0.2,0.28,Available,01:59:24 20/05/2026
Solari Shrine,Origins,Rare,#072/298,719,0.01,0.19,Available,01:59:24 20/05/2026
Gustwalker,Unleashed,Uncommon,#075/219,382,0.05,0.1,Available,01:59:24 20/05/2026
Herald of Spring,Unleashed,Common,#034/219,540,0.02,0.1,Available,01:59:24 20/05/2026
Fiora - Worthy (Alternate Art),Spiritforged,Showcase,#180a/221,118,3.35,3.96,Available,01:59:24 20/05/2026
Viktor - Leader,Origins,Epic,#246/298,200,1.99,3.2,Available,01:59:24 20/05/2026
Mystic Poro,Origins,Common,#171/298,867,0.02,0.12,Available,01:59:24 20/05/2026
Mech // Buff,Spiritforged,Common,#T01,426,0.01,0.05,Available,01:59:24 20/05/2026
Yasuo - Remorseful,Origins,Rare,#076/298,314,0.2,0.37,Available,01:59:24 20/05/2026
Draven - Glorious Executioner,Spiritforged,Rare,#185/221,714,0.09,0.14,Available,01:59:24 20/05/2026
Wily Newtfish,Unleashed,Uncommon,#108/219,366,0.05,0.08,Available,01:59:24 20/05/2026
Dragon's Rage,Origins,Epic,#258/298,199,1.2,1.78,Available,01:59:24 20/05/2026
Enthusiastic Promoter,Unleashed,Uncommon,#043/219,356,0.04,0.12,Available,01:59:24 20/05/2026
Ornn's Forge,Spiritforged,Uncommon,#213/221,754,0.05,0.12,Available,01:59:24 20/05/2026
Volibear - Relentless Storm,Origins,Rare,#249/298,415,0.19,0.3,Available,01:59:24 20/05/2026
Blind Fury,Origins,Rare,#025/298,478,0.09,0.22,Available,01:59:24 20/05/2026
Ezreal - Prodigal Explorer,Spiritforged,Rare,#199/221,697,0.08,0.14,Available,01:59:24 20/05/2026
Rune Prison,Origins,Common,#050/298,704,0.04,0.14,Available,01:59:24 20/05/2026
Viktor - Herald of the Arcane,Origins,Rare,#265/298,431,0.2,0.26,Available,01:59:24 20/05/2026
Vaults of Helia,Unleashed,Uncommon,#219/219,476,0.04,0.11,Available,01:59:24 20/05/2026
Fiora - Peerless (Alternate Art),Spiritforged,Showcase,#110a/221,164,0.89,1.52,Available,01:59:24 20/05/2026
Void Hatchling,Spiritforged,Uncommon,#018/221,676,0.02,0.09,Available,01:59:24 20/05/2026
Miss Fortune - Captain (Alternate Art),Origins,Showcase,#162a/298,125,7,13.53,Available,01:59:24 20/05/2026
Crimson Pigeons,Unleashed,Common,#154/219,455,0.02,0.09,Available,01:59:24 20/05/2026
Commander Ledros,Origins,Rare,#231/298,297,0.14,0.35,Available,01:59:24 20/05/2026
Diana - Scorn of the Moon (Overnumbered),Unleashed,Showcase,#234/219,22,174.95,184.72,Available,01:59:24 20/05/2026
Jinx - Rebel (Alternate Art),Origins,Showcase,#202a/298,120,3.49,3.82,Available,01:59:24 20/05/2026
Leona - Determined (Alternate Art),Origins,Showcase,#238a/298,118,3.5,4.44,Available,01:59:24 20/05/2026
Kog'Maw - Caustic,Origins,Rare,#190/298,317,0.22,0.36,Available,01:59:24 20/05/2026
Altar of Memories,Spiritforged,Rare,#169/221,640,0.1,0.14,Available,01:59:24 20/05/2026
Lonely Poro (Overnumbered),Unleashed,Showcase,#221/219,10,101.95,101.67,Available,01:59:24 20/05/2026
Double Trouble,Unleashed,Common,#032/219,528,0.01,0.18,Available,01:59:24 20/05/2026
Yasuo - Windrider,Origins,Epic,#205/298,158,1.99,3.03,Available,01:59:24 20/05/2026
Draven - Vanquisher (Alternate Art),Spiritforged,Showcase,#020a/221,244,0.6,0.86,Available,01:59:24 20/05/2026
Rumble - Scrapper (Alternate Art),Spiritforged,Showcase,#089a/221,141,1.49,2.22,Available,01:59:24 20/05/2026
Sett - The Boss,Origins,Rare,#269/298,371,0.14,0.32,Available,01:59:24 20/05/2026
Lucian - Gunslinger (Alternate Art),Spiritforged,Showcase,#028a/221,177,0.59,0.99,Available,01:59:24 20/05/2026
LeBlanc - Deceiver (Overnumbered),Unleashed,Showcase,#235/219,22,142.95,149.89,Available,01:59:24 20/05/2026
Ornn - Blacksmith (Alternate Art),Spiritforged,Showcase,#058a/221,141,0.69,1.29,Available,01:59:24 20/05/2026
Monster Harpoon,Unleashed,Uncommon,#014/219,372,0.05,0.07,Available,01:59:24 20/05/2026
King's Edict,Origins,Rare,#237/298,372,0.1,0.31,Available,01:59:24 20/05/2026
Plundering Poro (Overnumbered),Unleashed,Showcase,#222/219,28,76,83.16,Available,01:59:24 20/05/2026
Wallop,Origins,Uncommon,#146/298,489,0.08,0.19,Available,01:59:24 20/05/2026
Trove Golem,Spiritforged,Rare,#174/221,569,0.05,0.16,Available,01:59:24 20/05/2026
Hallowed Tomb,Origins,Uncommon,#281/298,552,0.05,0.17,Available,01:59:24 20/05/2026
Taric - Protector,Origins,Rare,#074/298,358,0.1,0.31,Available,01:59:24 20/05/2026
Jinx - Demolitionist (Alternate Art),Origins,Showcase,#030a/298,113,1.35,2.44,Available,01:59:24 20/05/2026
Fiora - Grand Duelist,Spiritforged,Rare,#205/221,706,0.04,0.1,Available,01:59:24 20/05/2026
Leona - Zealot (Alternate Art),Origins,Showcase,#079a/298,109,5.99,8.67,Available,01:59:24 20/05/2026
Iron Ballista,Origins,Uncommon,#017/298,515,0.05,0.19,Available,01:59:24 20/05/2026
Garbage Grabber,Origins,Uncommon,#099/298,491,0.08,0.17,Available,01:59:24 20/05/2026
Forecaster,Spiritforged,Common,#065/221,981,0.01,0.07,Available,01:59:24 20/05/2026
Rek'Sai - Swarm Queen (Alternate Art),Spiritforged,Showcase,#170a/221,177,0.7,0.82,Available,01:59:24 20/05/2026
Kai'Sa - Evolutionary (Alternate Art),Origins,Showcase,#112a/298,100,2.6,4.04,Available,01:59:24 20/05/2026
Gardens of Becoming,Unleashed,Uncommon,#213/219,454,0.02,0.1,Available,01:59:24 20/05/2026
Emperor's Dais,Spiritforged,Uncommon,#207/221,725,0.05,0.11,Available,01:59:24 20/05/2026
Call to Battle,Unleashed,Uncommon,#101/219,368,0.05,0.06,Available,01:59:24 20/05/2026
Guardian Angel (Top 8),Riftbound Organized Play Promotional Cards,Promo,#051/221,65,2.99,3.31,Available,01:59:24 20/05/2026
Fury Rune (R01b),Spiritforged,Promo,#R01b,88,6.9,8.14,Available,01:59:24 20/05/2026
Azir - Ascendant (Alternate Art),Spiritforged,Showcase,#050a/221,162,0.71,0.97,Available,01:59:24 20/05/2026
Rek'sai - Void Burrower,Spiritforged,Rare,#187/221,684,0.07,0.1,Available,01:59:24 20/05/2026
Trifarian Gloryseeker,Origins,Common,#217/298,783,0.01,0.11,Available,01:59:24 20/05/2026
Blazing Scorcher,Origins,Common,#001/298,929,0.01,0.07,Available,01:59:24 20/05/2026
Unlicensed Armory,Origins,Uncommon,#023/298,502,0.08,0.18,Available,01:59:24 20/05/2026
Rumble - Hotheaded,Spiritforged,Rare,#026/221,646,0.05,0.16,Available,01:59:24 20/05/2026
Sivir - Mercenary (Alternate Art),Spiritforged,Showcase,#143a/221,148,0.78,1.19,Available,01:59:24 20/05/2026
Lee Sin - Centered,Origins,Rare,#151/298,451,0.1,0.23,Available,01:59:24 20/05/2026
Vex - Gloomist (Overnumbered),Unleashed,Showcase,#232/219,24,117.99,122.05,Available,01:59:24 20/05/2026
Sivir - Battle Mistress,Spiritforged,Rare,#203/221,693,0.05,0.27,Available,01:59:24 20/05/2026
Darius - Trifarian (Alternate Art),Origins,Showcase,#027a/298,158,4.92,6.08,Available,01:59:24 20/05/2026
Fight or Flight,Origins,Common,#168/298,740,0.01,0.2,Available,01:59:24 20/05/2026
Spoils of War,Origins,Uncommon,#144/298,552,0.08,0.18,Available,01:59:24 20/05/2026
Mageseeker Investigator,Unleashed,Uncommon,#163/219,368,0.04,0.08,Available,01:59:24 20/05/2026
Malzahar - Fanatic,Origins,Rare,#113/298,297,0.24,0.31,Available,01:59:24 20/05/2026
Poppy - Keeper of the Hammer (Overnumbered),Unleashed,Showcase,#237/219,43,45,46.82,Available,01:59:24 20/05/2026
Jax - Unmatched (Alternate Art),Spiritforged,Showcase,#054a/221,160,0.5,0.79,Available,01:59:24 20/05/2026
Volibear - Furious (Alternate Art),Origins,Showcase,#041a/298,144,2.71,2.67,Available,01:59:24 20/05/2026
Lucian - Purifier,Spiritforged,Rare,#183/221,682,0.04,0.14,Available,01:59:24 20/05/2026
Sun Disc,Origins,Uncommon,#021/298,405,0.18,0.28,Available,01:59:24 20/05/2026
Enthralling Protector,Unleashed,Uncommon,#162/219,448,0.04,0.08,Available,01:59:24 20/05/2026
Minotaur Reckoner,Spiritforged,Uncommon,#014/221,667,0.04,0.11,Available,01:59:24 20/05/2026
Master Yi - Honed,Origins: Proving Grounds,Epic,#009/024,81,0.99,4.13,Available,01:59:24 20/05/2026
Cull,Spiritforged,Uncommon,#134/221,789,0.07,0.12,Available,01:59:24 20/05/2026
Wraith of Echoes,Origins,Rare,#118/298,491,0.03,0.16,Available,01:59:24 20/05/2026
Ornn - Forge God (Alternate Art),Spiritforged,Showcase,#085a/221,136,1.67,1.93,Available,01:59:24 20/05/2026
Aspiring Engineer,Spiritforged,Common,#061/221,918,0.02,0.05,Available,01:59:24 20/05/2026
Lee Sin - Blind Monk,Origins,Rare,#257/298,549,0.03,0.19,Available,01:59:24 20/05/2026
Soul Harvest,Unleashed,Common,#159/219,528,0.02,0.22,Available,01:59:24 20/05/2026
Raging Firebrand,Origins,Rare,#031/298,407,0.14,0.19,Available,01:59:24 20/05/2026
Renata Glasc - Chem-Baroness,Spiritforged,Rare,#201/221,683,0.08,0.13,Available,01:59:24 20/05/2026
Viktor - Innovator,Origins,Rare,#117/298,421,0.19,0.29,Available,01:59:24 20/05/2026
Cannon Barrage,Origins,Common,#127/298,777,0.05,0.14,Available,01:59:24 20/05/2026
Production Surge,Spiritforged,Uncommon,#076/221,734,0.02,0.12,Available,01:59:24 20/05/2026
Ahri - Inquisitive (Alternate Art),Origins,Showcase,#119a/298,128,4.99,10.57,Available,01:59:24 20/05/2026
Valley of Idols,Unleashed,Uncommon,#218/219,443,0.01,0.14,Available,01:59:24 20/05/2026
Poro Herder,Origins,Uncommon,#061/298,547,0.08,0.15,Available,01:59:24 20/05/2026
Ornn - Fire Below the Mountain,Spiritforged,Rare,#189/221,690,0.08,0.13,Available,01:59:24 20/05/2026
Jax - Grandmaster At Arms,Spiritforged,Rare,#193/221,685,0.08,0.24,Available,01:59:24 20/05/2026
Jhin - Virtuoso (Overnumbered),Unleashed,Showcase,#226/219,53,39,49.34,Available,01:59:24 20/05/2026
Ahri - Alluring (Alternate Art),Origins,Showcase,#066a/298,101,4.99,8.89,Available,01:59:24 20/05/2026
Eager Drakehound,Spiritforged,Common,#006/221,954,0.02,0.09,Available,01:59:24 20/05/2026
Pyke - Bloodharbor Ripper (Overnumbered),Unleashed,Showcase,#228/219,36,73.95,78.85,Available,01:59:24 20/05/2026
Portal Rescue,Origins,Uncommon,#102/298,487,0.06,0.13,Available,01:59:24 20/05/2026
Ripper's Bay,Unleashed,Uncommon,#214/219,455,0.01,0.1,Available,01:59:24 20/05/2026
Imposing Challenger,Unleashed,Uncommon,#105/219,385,0.03,0.1,Available,01:59:24 20/05/2026
Needlessly Large Yordle,Spiritforged,Rare,#055/221,688,0.05,0.1,Available,01:59:24 20/05/2026
Feral Strength,Spiritforged,Common,#034/221,956,0.01,0.04,Available,01:59:24 20/05/2026
Icevale Archer,Unleashed,Common,#065/219,547,0.02,0.19,Available,01:59:24 20/05/2026
Mystic Reversal,Origins,Epic,#080/298,196,1.99,2.77,Available,01:59:24 20/05/2026
Mistfall,Origins,Rare,#152/298,766,0.01,0.17,Available,01:59:24 20/05/2026
Cruel Patron,Origins,Common,#208/298,888,0.03,0.08,Available,01:59:24 20/05/2026
Legion Rearguard,Origins,Common,#010/298,889,0.02,0.1,Available,01:59:24 20/05/2026
Yasuo - Unforgiven,Origins,Rare,#259/298,382,0.1,0.26,Available,01:59:24 20/05/2026
Forgotten Library,Unleashed,Uncommon,#211/219,448,0.02,0.14,Available,01:59:24 20/05/2026
The Academy,Unleashed,Uncommon,#216/219,449,0.02,0.13,Available,01:59:24 20/05/2026
Cemetery Attendant,Origins,Common,#165/298,905,0.01,0.07,Available,01:59:24 20/05/2026
Back to Back,Origins,Common,#206/298,904,0.01,0.06,Available,01:59:24 20/05/2026
Marai Spire,Spiritforged,Uncommon,#211/221,698,0.02,0.08,Available,01:59:24 20/05/2026
Forge of the Fluft,Spiritforged,Uncommon,#208/221,700,0.02,0.07,Available,01:59:24 20/05/2026
Ezreal - Dashing (Alternate Art),Spiritforged,Showcase,#082a/221,139,0.99,1.21,Available,01:59:24 20/05/2026
Right of Conquest,Unleashed,Uncommon,#015/219,357,0.03,0.07,Available,01:59:24 20/05/2026
Miss Fortune - Buccaneer (Alternate Art),Origins,Showcase,#193a/298,99,3.08,3.46,Available,01:59:24 20/05/2026
Hexdrinker,Spiritforged,Uncommon,#102/221,778,0.02,0.08,Available,01:59:24 20/05/2026
Vi - Piltover Enforcer (Overnumbered),Unleashed,Showcase,#229/219,34,53.99,69.41,Available,01:59:24 20/05/2026
Lillia - Bashful Bloom (Overnumbered),Unleashed,Showcase,#230/219,33,71,81.92,Available,01:59:24 20/05/2026
Darius - Hand of Noxus,Origins,Rare,#253/298,464,0.1,0.23,Available,01:59:24 20/05/2026
Void Drone,Spiritforged,Common,#010/221,953,0.01,0.05,Available,01:59:24 20/05/2026
Bushwhack,Spiritforged,Common,#004/221,947,0.01,0.06,Available,01:59:24 20/05/2026
Overt Operation,Origins,Rare,#153/298,450,0.1,0.2,Available,01:59:24 20/05/2026
Jae Medarda,Spiritforged,Rare,#142/221,661,0.01,0.07,Available,01:59:24 20/05/2026
Master Yi - Wuju Bladesman,Riftbound Organized Play Promotional Cards,Promo,#019/024,12,30,42.68,Available,01:59:24 20/05/2026
Rumble - Hotheaded (Alternate Art),Spiritforged,Showcase,#026a/221,202,0.95,1.48,Available,01:59:24 20/05/2026
Ivern - Green Father (Overnumbered),Unleashed,Showcase,#233/219,37,44.98,55.3,Available,01:59:24 20/05/2026
Highlander,Origins: Proving Grounds,Epic,#020/024,54,0.25,1.28,Available,01:59:24 20/05/2026
Recruit (271) // Buff,Origins,Common,#271/298,399,0.01,0.11,Available,01:59:24 20/05/2026
Veteran Poro (Overnumbered),Unleashed,Showcase,#223/219,32,42,47.66,Available,01:59:24 20/05/2026
Blastcone Fae,Origins,Uncommon,#097/298,465,0.1,0.24,Available,01:59:24 20/05/2026
Lee Sin - Ascetic (Alternate Art),Origins,Showcase,#078a/298,129,2.04,2.37,Available,01:59:24 20/05/2026
Sett - Kingpin (Alternate Art),Origins,Showcase,#240a/298,135,0.9,1.27,Available,01:59:24 20/05/2026
Kha'Zix - Voidreaver (Overnumbered),Unleashed,Showcase,#236/219,40,51,67.64,Available,01:59:24 20/05/2026
Pickpocket,Spiritforged,Uncommon,#074/221,514,0.1,0.15,Available,01:59:24 20/05/2026
Kraken Hunter,Origins,Rare,#150/298,433,0.08,0.21,Available,01:59:24 20/05/2026
Energy Conduit,Origins,Uncommon,#098/298,516,0.08,0.2,Available,01:59:24 20/05/2026
Solari Shieldbearer,Origins,Common,#051/298,791,0.02,0.09,Available,01:59:24 20/05/2026
Crowd Favorite,Unleashed,Uncommon,#102/219,475,0.02,0.15,Available,01:59:24 20/05/2026
Ravenborn Tome,Origins,Rare,#032/298,669,0.01,0.11,Available,01:59:24 20/05/2026
Kato the Arm,Spiritforged,Rare,#112/221,646,0.05,0.1,Available,01:59:24 20/05/2026
Ancient Warmonger,Spiritforged,Uncommon,#131/221,719,0.02,0.05,Available,01:59:24 20/05/2026
Daring Poro (Overnumbered),Unleashed,Showcase,#225/219,20,49.99,49.05,Available,01:59:24 20/05/2026
Viktor - Leader (Alternate Art),Origins,Showcase,#246a/298,162,2.95,4.21,Available,01:59:24 20/05/2026
Noxian Drummer,Origins,Uncommon,#222/298,655,0.07,0.15,Available,01:59:24 20/05/2026
Spirit's Refuge,Origins,Uncommon,#063/298,516,0.08,0.19,Available,01:59:24 20/05/2026
Lux - Crownguard,Origins: Proving Grounds,Epic,#014/024,62,2.25,6.49,Available,01:59:24 20/05/2026
Serrated Dirk,Spiritforged,Common,#009/221,997,0.01,0.05,Available,01:59:24 20/05/2026
Master Yi - Wuju Master (Overnumbered),Unleashed,Showcase,#231/219,65,34.95,43.33,Available,01:59:24 20/05/2026
Boneshiver,Riftbound Organized Play Promotional Cards,Promo,#118a/221,56,32.21,35.31,Available,01:59:24 20/05/2026
Mushroom Pouch,Origins,Uncommon,#101/298,677,0.04,0.11,Available,01:59:24 20/05/2026
Lord Broadmane,Unleashed,Uncommon,#012/219,376,0.05,0.1,Available,01:59:24 20/05/2026
Altar of Blood,Unleashed,Uncommon,#206/219,467,0.01,0.18,Available,01:59:24 20/05/2026
Mischievous Marai,Unleashed,Common,#003/219,522,0.02,0.09,Available,01:59:24 20/05/2026
Edge of Night (Top 8),Riftbound Organized Play Promotional Cards,Promo,#139/221,42,1,1.24,Available,01:59:24 20/05/2026
Pakaa Cub,Origins,Common,#135/298,898,0.01,0.07,Available,01:59:24 20/05/2026
Orb of Regret,Origins,Common,#090/298,1102,0.01,0.05,Available,01:59:24 20/05/2026
Solari Chief,Origins,Uncommon,#225/298,538,0.1,0.28,Available,01:59:24 20/05/2026
Darius - Executioner (Alternate Art),Origins,Showcase,#243a/298,127,2.15,2.68,Available,01:59:24 20/05/2026
Veiled Temple,Spiritforged,Uncommon,#221/221,771,0.01,0.1,Available,01:59:24 20/05/2026
Doran's Ring,Spiritforged,Common,#124/221,1051,0.01,0.1,Available,01:59:24 20/05/2026
Recruit (272) // Buff,Origins,Common,#272/298,412,0.04,0.11,Available,01:59:24 20/05/2026
Perched Grimwyrm,Spiritforged,Uncommon,#015/221,714,0.02,0.05,Available,01:59:24 20/05/2026
Stand United,Origins,Common,#053/298,883,0.01,0.07,Available,01:59:24 20/05/2026
Assembly Rig,Spiritforged,Rare,#019/221,706,0.03,0.09,Available,01:59:24 20/05/2026
Reinforce,Origins,Uncommon,#062/298,593,0.06,0.14,Available,01:59:24 20/05/2026
Maddened Marauder,Origins,Rare,#191/298,547,0.15,0.23,Available,01:59:24 20/05/2026
Apprentice Smith,Spiritforged,Uncommon,#041/221,699,0.02,0.06,Available,01:59:24 20/05/2026
Get Excited!,Origins,Common,#008/298,859,0.01,0.09,Available,01:59:24 20/05/2026
Chemtech Cask,Spiritforged,Common,#063/221,993,0.01,0.04,Available,01:59:24 20/05/2026
Annie - Fiery,Origins: Proving Grounds,Epic,#001/024,69,0.75,2.99,Available,01:59:24 20/05/2026
Rumble - Mechanized Menace,Spiritforged,Rare,#181/221,691,0.04,0.13,Available,01:59:24 20/05/2026
Marching Orders,Spiritforged,Rare,#114/221,717,0.09,0.11,Available,01:59:24 20/05/2026
Loyal Pup,Spiritforged,Common,#126/221,924,0.02,0.03,Available,01:59:24 20/05/2026
Temporal Portal,Spiritforged,Uncommon,#078/221,782,0.02,0.05,Available,01:59:24 20/05/2026
Yasuo - Windrider (Alternate Art),Origins,Showcase,#205a/298,139,3.55,4.63,Available,01:59:24 20/05/2026
Yeti Brawler,Unleashed,Uncommon,#018/219,378,0.04,0.09,Available,01:59:24 20/05/2026
Moonlight Affliction,Unleashed,Common,#066/219,472,0.01,0.08,Available,01:59:24 20/05/2026
Mega-Mech,Origins,Common,#088/298,866,0.04,0.09,Available,01:59:24 20/05/2026
Bonds of Strength,Spiritforged,Common,#151/221,1009,0.01,0.05,Available,01:59:24 20/05/2026
Evershade Stalker,Unleashed,Common,#123/219,470,0.02,0.15,Available,01:59:24 20/05/2026
Wizened Elder,Origins,Uncommon,#065/298,608,0.03,0.09,Available,01:59:24 20/05/2026
Guardian of the Passage,Spiritforged,Common,#035/221,956,0.01,0.09,Available,01:59:24 20/05/2026
Trapping Grounds,Unleashed,Uncommon,#217/219,448,0.01,0.15,Available,01:59:24 20/05/2026
Albus Ferros,Origins,Rare,#230/298,747,0.01,0.1,Available,01:59:24 20/05/2026
Magma Wurm,Origins,Common,#011/298,857,0.01,0.11,Available,01:59:24 20/05/2026
Wielder of Water,Origins,Common,#055/298,900,0.01,0.16,Available,01:59:24 20/05/2026
Experimental Hexplate,Spiritforged,Uncommon,#073/221,738,0.02,0.08,Available,01:59:24 20/05/2026
Monch,Unleashed,Common,#035/219,540,0.01,0.07,Available,01:59:24 20/05/2026
Recurve Bow,Spiritforged,Uncommon,#016/221,783,0.05,0.06,Available,01:59:24 20/05/2026
Stealthy Pursuer,Origins,Common,#177/298,870,0.01,0.07,Available,01:59:24 20/05/2026
Tibbers,Origins: Proving Grounds,Epic,#018/024,52,0.25,1.39,Available,01:59:24 20/05/2026
Revna the Lorekeeper,Unleashed,Common,#005/219,473,0.01,0.09,Available,01:59:24 20/05/2026
Royal Entourage,Spiritforged,Common,#039/221,980,0.01,0.03,Available,01:59:24 20/05/2026
Final Spark,Origins: Proving Grounds,Epic,#022/024,72,0.47,2.67,Available,01:59:24 20/05/2026
Breakneck Mech,Spiritforged,Uncommon,#071/221,720,0.01,0.09,Available,01:59:24 20/05/2026
Gearhead,Spiritforged,Common,#068/221,940,0.02,0.03,Available,01:59:24 20/05/2026
Minefield,Spiritforged,Uncommon,#212/221,780,0.01,0.05,Available,01:59:24 20/05/2026
Altar to Unity,Origins,Uncommon,#275/298,651,0.04,0.1,Available,01:59:24 20/05/2026
Eclipse Herald,Origins,Uncommon,#059/298,562,0.07,0.17,Available,01:59:24 20/05/2026
Whirlwind,Origins,Uncommon,#187/298,616,0.04,0.12,Available,01:59:24 20/05/2026
Viktor - Innovator (Alternate Art),Origins,Showcase,#117a/298,132,1.25,1.77,Available,01:59:24 20/05/2026
Mystic Poro (Overnumbered),Unleashed,Showcase,#224/219,55,35,50.97,Available,01:59:24 20/05/2026
Black Market Broker,Spiritforged,Common,#121/221,1000,0.01,0.07,Available,01:59:24 20/05/2026
Pouty Poro (Overnumbered),Unleashed,Showcase,#220/219,52,61.95,63.39,Available,01:59:24 20/05/2026
Sivir - Battle Mistress (Overnumbered),Spiritforged,Showcase,#250/221,52,39.99,41.34,Available,01:59:24 20/05/2026
Fae Porter,Spiritforged,Common,#125/221,956,0.01,0.03,Available,01:59:24 20/05/2026
Pirate's Haven,Origins,Uncommon,#143/298,561,0.04,0.13,Available,01:59:24 20/05/2026
Corrupt Enforcer,Spiritforged,Common,#123/221,949,0.01,0.04,Available,01:59:24 20/05/2026
Power Nexus,Spiritforged,Uncommon,#214/221,725,0.03,0.08,Available,01:59:24 20/05/2026
Vanguard Helm,Origins,Uncommon,#228/298,647,0.03,0.13,Available,01:59:24 20/05/2026
Mountain Drake,Origins,Uncommon,#142/298,615,0.04,0.11,Available,01:59:24 20/05/2026
Annie - Dark Child (Starter),Origins: Proving Grounds,Rare,#017/024,90,7.5,13.81,Available,01:59:24 20/05/2026
Teemo - Strategist (Overnumbered),Spiritforged,Showcase,#230/221,24,37.99,53.43,Available,01:59:24 20/05/2026
Rengar - Pridestalker (Overnumbered),Unleashed,Epic,#227/219,58,60,70.27,Available,01:59:24 20/05/2026
Gemcraft Seer,Origins,Uncommon,#100/298,618,0.07,0.15,Available,01:59:24 20/05/2026
Peak Guardian,Origins,Uncommon,#223/298,630,0.1,0.15,Available,01:59:24 20/05/2026
Lee Sin - Centered (Alternate Art),Origins,Showcase,#151a/298,164,1,1.42,Available,01:59:24 20/05/2026
Sunlit Guardian,Origins,Common,#054/298,725,0.01,0.11,Available,01:59:24 20/05/2026
Simian Ancestor,Spiritforged,Uncommon,#047/221,719,0.02,0.05,Available,01:59:24 20/05/2026
Dangerous Duo,Origins,Uncommon,#016/298,837,0.01,0.1,Available,01:59:24 20/05/2026
Temptation,Spiritforged,Common,#129/221,971,0.01,0.06,Available,01:59:24 20/05/2026
Prize of Progress,Spiritforged,Uncommon,#075/221,747,0.02,0.04,Available,01:59:24 20/05/2026
Frostcoat Cub,Spiritforged,Common,#067/221,933,0.01,0.03,Available,01:59:24 20/05/2026
Volibear - Imposing (Alternate Art),Origins,Showcase,#158a/298,147,2.6,3.31,Available,01:59:24 20/05/2026
Towering Pairofant,Unleashed,Common,#008/219,520,0.01,0.08,Available,01:59:24 20/05/2026
Blast Corps Cadet,Spiritforged,Uncommon,#013/221,749,0.02,0.06,Available,01:59:24 20/05/2026
Noxus Saboteur,Origins,Uncommon,#018/298,597,0.07,0.14,Available,01:59:24 20/05/2026
Navori Scout,Spiritforged,Common,#037/221,961,0.01,0.04,Available,01:59:24 20/05/2026
Scrapyard Champion,Origins,Uncommon,#020/298,578,0.08,0.12,Available,01:59:24 20/05/2026
Recruit the Vanguard,Origins: Proving Grounds,Uncommon,#015/024,68,1.92,3.15,Available,01:59:24 20/05/2026
Sentinel Adept,Spiritforged,Common,#008/221,953,0.01,0.05,Available,01:59:24 20/05/2026
Sai Scout,Origins,Common,#174/298,894,0.01,0.06,Available,01:59:24 20/05/2026
Yasuo - Remorseful (Alternate Art),Origins,Showcase,#076a/298,156,2.75,3.54,Available,01:59:24 20/05/2026
Lux - Illuminated,Origins: Proving Grounds,Rare,#006/024,59,0.49,1.54,Available,01:59:24 20/05/2026
Prepared Neophyte,Unleashed,Common,#004/219,457,0.01,0.06,Available,01:59:24 20/05/2026
Stormclaw Ursine,Origins,Common,#137/298,914,0.01,0.15,Available,01:59:24 20/05/2026
Scorchclaw,Unleashed,Uncommon,#016/219,474,0.04,0.11,Available,01:59:24 20/05/2026
Wildclaw Shaman,Origins,Uncommon,#147/298,699,0.03,0.08,Available,01:59:24 20/05/2026
Fate Weaver,Unleashed,Common,#064/219,545,0.01,0.09,Available,01:59:24 20/05/2026
Flame Chompers,Origins,Common,#006/298,881,0.01,0.05,Available,01:59:24 20/05/2026
Firestorm,Origins: Proving Grounds,Uncommon,#002/024,70,0.1,0.49,Available,01:59:24 20/05/2026
Master Yi - Meditative,Origins: Proving Grounds,Rare,#004/024,83,0.49,1.47,Available,01:59:24 20/05/2026
Teemo - Swift Scout (Alternate Art),Riftbound Promotional Cards,Promo,#263a/298,8,140,161.52,Available,01:59:24 20/05/2026
Playful Phantom,Origins,Common,#049/298,872,0.01,0.04,Available,01:59:24 20/05/2026
Zaun Punk,Spiritforged,Common,#160/221,939,0.01,0.05,Available,01:59:24 20/05/2026
Jeweled Colossus,Origins,Common,#086/298,906,0.01,0.05,Available,01:59:24 20/05/2026
Ribbon Dancer,Spiritforged,Common,#038/221,976,0.01,0.06,Available,01:59:24 20/05/2026
Crescent Guardian,Unleashed,Common,#122/219,552,0.01,0.17,Available,01:59:24 20/05/2026
Royal Guard,Spiritforged,Common,#157/221,960,0.01,0.05,Available,01:59:24 20/05/2026
Yordle Explorer,Spiritforged,Common,#100/221,999,0.01,0.04,Available,01:59:24 20/05/2026
Petty Officer,Origins,Common,#215/298,906,0.01,0.06,Available,01:59:24 20/05/2026
The Dreaming Tree,Origins,Uncommon,#292/298,262,0.2,0.34,Available,01:59:24 20/05/2026
Navori Fighting Pit,Origins,Uncommon,#283/298,622,0.05,0.14,Available,01:59:24 20/05/2026
Ornn - Fire Below the Mountain (Overnumbered),Spiritforged,Showcase,#244/221,69,36.5,47.49,Available,01:59:24 20/05/2026
Soraka - Wanderer (Overnumbered),Spiritforged,Showcase,#239/221,55,39.99,51.92,Available,01:59:24 20/05/2026
Legion Quartermaster,Spiritforged,Uncommon,#044/221,737,0.01,0.06,Available,01:59:24 20/05/2026
Miss Fortune - Bounty Hunter (Overnumbered),Origins,Showcase,#309/298,40,79.99,133.76,Available,01:59:24 20/05/2026
Captain Farron,Origins,Uncommon,#015/298,629,0.05,0.2,Available,01:59:24 20/05/2026
Sett - The Boss (Overnumbered),Origins,Showcase,#310/298,39,35.99,72.83,Available,01:59:24 20/05/2026
Annie - Dark Child,Riftbound Organized Play Promotional Cards,Promo,#017/024,33,22.46,23.8,Available,01:59:24 20/05/2026
Bubble Bot,Spiritforged,Common,#062/221,942,0.01,0.05,Available,01:59:24 20/05/2026
Symbol of the Solari,Origins,Uncommon,#227/298,624,0.1,0.11,Available,01:59:24 20/05/2026
Arena Kingpin,Unleashed,Common,#001/219,468,0.01,0.07,Available,01:59:24 20/05/2026
Harpoon Squad,Spiritforged,Uncommon,#137/221,769,0.01,0.04,Available,01:59:24 20/05/2026
Raging Soul,Origins,Uncommon,#019/298,749,0.01,0.08,Available,01:59:24 20/05/2026
Ahri - Alluring (Launch Exclusive),Riftbound Promotional Cards,Promo,#066/298,54,23.8,73.96,Available,01:59:24 20/05/2026
Irelia - Blade Dancer (Overnumbered),Spiritforged,Showcase,#246/221,60,64.99,91.58,Available,01:59:24 20/05/2026
Yasuo - Windrider (Overnumbered),Spiritforged,Showcase,#235/221,46,24.99,37.55,Available,01:59:24 20/05/2026
Scrutinizing Sergeant,Unleashed,Common,#157/219,518,0.01,0.11,Available,01:59:24 20/05/2026
Back-Alley Bar,Origins,Uncommon,#277/298,602,0.05,0.15,Available,01:59:24 20/05/2026
Shipyard Skulker,Origins,Common,#175/298,866,0.01,0.07,Available,01:59:24 20/05/2026
Dauntless Vanguard,Spiritforged,Common,#093/221,973,0.01,0.05,Available,01:59:24 20/05/2026
Sandshifter,Spiritforged,Common,#158/221,974,0.01,0.06,Available,01:59:24 20/05/2026
Aphelios - Exalted (Overnumbered),Spiritforged,Showcase,#224/221,76,40.99,48.87,Available,01:59:24 20/05/2026
Seal of Discord (Overnumbered),Spiritforged,Showcase,#234/221,97,65,70.77,Available,01:59:24 20/05/2026
Azir - Emperor of the Sands (Overnumbered),Spiritforged,Showcase,#247/221,54,64.99,68.57,Available,01:59:24 20/05/2026
Garen - Commander,Origins: Proving Grounds,Epic,#013/024,75,0.49,1.64,Available,01:59:24 20/05/2026
Strike Down,Spiritforged,Uncommon,#107/221,761,0.01,0.05,Available,01:59:24 20/05/2026
Targonian Visionary,Unleashed,Common,#098/219,536,0.01,0.12,Available,01:59:24 20/05/2026
Leona - Radiant Dawn (Overnumbered),Origins,Showcase,#306/298,61,39.99,72.93,Available,01:59:24 20/05/2026
Petricite Monument,Spiritforged,Uncommon,#104/221,767,0.04,0.08,Available,01:59:24 20/05/2026
Armed Assailant,Spiritforged,Common,#002/221,960,0.01,0.02,Available,01:59:24 20/05/2026
Irelia - Fervent (Overnumbered),Spiritforged,Showcase,#225/221,36,148.9,161.89,Available,01:59:24 20/05/2026
The Grand Plaza,Origins,Uncommon,#293/298,629,0.09,0.16,Available,01:59:24 20/05/2026
Zaunite Bouncer,Origins,Uncommon,#188/298,573,0.1,0.16,Available,01:59:24 20/05/2026
Laurent Bladekeeper,Spiritforged,Common,#096/221,1014,0.02,0.03,Available,01:59:24 20/05/2026
Scrapheap,Origins,Uncommon,#182/298,489,0.12,0.21,Available,01:59:24 20/05/2026
Shadow Watcher,Unleashed,Common,#037/219,464,0.02,0.12,Available,01:59:24 20/05/2026
Karma - Channeler (Overnumbered),Spiritforged,Showcase,#237/221,79,17.79,31.04,Available,01:59:24 20/05/2026
Ezreal - Prodigal Explorer (Overnumbered),Spiritforged,Showcase,#248/221,67,73.98,77.69,Available,01:59:24 20/05/2026
Rumble - Mechanized Menace (Overnumbered),Spiritforged,Showcase,#240/221,93,30.49,34.63,Available,01:59:24 20/05/2026
Bandle Soldier,Unleashed,Common,#151/219,539,0.01,0.08,Available,01:59:24 20/05/2026
Sett - Brawler (Overnumbered),Spiritforged,Showcase,#232/221,48,79.99,82.4,Available,01:59:24 20/05/2026
Ava Achiever,Origins,Rare,#107/298,399,0.1,0.26,Available,01:59:24 20/05/2026
Crackshot Corsair,Origins,Common,#130/298,866,0.01,0.05,Available,01:59:24 20/05/2026
Master Bingwen,Spiritforged,Common,#127/221,964,0.01,0.04,Available,01:59:24 20/05/2026
Yone - Blademaster (Overnumbered),Spiritforged,Showcase,#233/221,54,28.99,50.14,Available,01:59:24 20/05/2026
Undercover Agent,Origins,Common,#178/298,906,0.01,0.07,Available,01:59:24 20/05/2026
Chemtech Enforcer,Origins,Common,#003/298,1134,0.01,0.03,Available,01:59:24 20/05/2026
Incinerate,Origins: Proving Grounds,Common,#003/024,51,0.49,1.04,Available,01:59:24 20/05/2026
Towering Combatant,Unleashed,Common,#099/219,465,0.01,0.07,Available,01:59:24 20/05/2026
Vanguard Sergeant,Origins,Common,#219/298,895,0.01,0.04,Available,01:59:24 20/05/2026
Laurent Duelist,Spiritforged,Common,#156/221,972,0.01,0.03,Available,01:59:24 20/05/2026
Lux - Lady of Luminosity,Riftbound Organized Play Promotional Cards,Promo,#021/024,74,18,20.02,Available,01:59:24 20/05/2026
Buhru Captain,Spiritforged,Common,#091/221,958,0.01,0.06,Available,01:59:24 20/05/2026
Jaull-Fish,Spiritforged,Uncommon,#103/221,751,0.01,0.08,Available,01:59:24 20/05/2026
Rek'sai - Void Burrower (Overnumbered),Spiritforged,Showcase,#243/221,77,34.95,50.23,Available,01:59:24 20/05/2026
Reaver's Row,Origins,Uncommon,#285/298,539,0.08,0.17,Available,01:59:24 20/05/2026
Obelisk of Power,Origins,Uncommon,#284/298,276,0.19,0.34,Available,01:59:24 20/05/2026
Decisive Strike,Origins: Proving Grounds,Epic,#024/024,80,0.1,0.88,Available,01:59:24 20/05/2026
Blast of Power,Origins: Proving Grounds,Common,#012/024,100,1.46,3.16,Available,01:59:24 20/05/2026
Garen - Rugged,Origins: Proving Grounds,Rare,#007/024,71,0.25,1.19,Available,01:59:24 20/05/2026
Ahri - Inquisitive (Overnumbered),Spiritforged,Showcase,#227/221,54,193,290.49,Available,01:59:24 20/05/2026
Volibear - Relentless Storm (Overnumbered),Origins,Showcase,#300/298,77,27.77,62.77,Available,01:59:24 20/05/2026
Walking Roost,Unleashed,Common,#130/219,474,0.01,0.04,Available,01:59:24 20/05/2026
Lucian - Purifier (Overnumbered),Spiritforged,Showcase,#241/221,65,34.98,45.56,Available,01:59:24 20/05/2026
Spectral Centaur,Unleashed,Common,#068/219,468,0.02,0.14,Available,01:59:24 20/05/2026
Lux - Lady of Luminosity (Starter),Origins: Proving Grounds,Rare,#021/024,59,6,13.95,Available,01:59:24 20/05/2026
Brazen Buccaneer,Origins,Common,#002/298,961,0.01,0.04,Available,01:59:24 20/05/2026
Combat Chef,Spiritforged,Common,#092/221,987,0.01,0.03,Available,01:59:24 20/05/2026
Bilgewater Bully,Origins,Common,#125/298,913,0.01,0.08,Available,01:59:24 20/05/2026
Eminent Benefactor,Spiritforged,Common,#152/221,955,0.01,0.05,Available,01:59:24 20/05/2026
Darius - Executioner (Overnumbered),Spiritforged,Showcase,#236/221,110,26.5,32.9,Available,01:59:24 20/05/2026
Kai'Sa - Daughter of the Void (Overnumbered),Origins,Showcase,#299/298,56,77.77,183.95,Available,01:59:24 20/05/2026
Bard - Mercurial (Overnumbered),Spiritforged,Showcase,#228/221,58,19.99,37.53,Available,01:59:24 20/05/2026
Lee Sin - Blind Monk (Overnumbered),Origins,Showcase,#304/298,67,39.99,66.27,Available,01:59:24 20/05/2026
Teemo - Swift Scout (Overnumbered),Origins,Showcase,#307/298,49,44.99,78.7,Available,01:59:24 20/05/2026
Teemo - Scout (GG EZ),Riftbound Organized Play Promotional Cards,Promo,#197b/298,39,279.95,443.34,Available,01:59:24 20/05/2026
Draven - Glorious Executioner (Overnumbered),Spiritforged,Showcase,#242/221,121,50,71.5,Available,01:59:24 20/05/2026
Vayne - Hunter (Overnumbered),Spiritforged,Showcase,#223/221,51,49.99,76.45,Available,01:59:24 20/05/2026
Garen - Might of Demacia (Starter),Origins: Proving Grounds,Rare,#023/024,47,0.49,2.05,Available,01:59:24 20/05/2026
Warwick - Hunter,Riftbound Promotional Cards,Promo,#159a/298,21,16.95,17.65,Available,01:59:24 20/05/2026
Darius - Hand of Noxus (Overnumbered),Origins,Showcase,#302/298,68,43.5,48.84,Available,01:59:24 20/05/2026
Viktor - Herald of the Arcane (Overnumbered),Origins,Showcase,#308/298,52,49.5,102.39,Available,01:59:24 20/05/2026
Megatusk,Unleashed,Common,#126/219,527,0.01,0.07,Available,01:59:24 20/05/2026
Ahri - Nine-Tailed Fox (Overnumbered),Origins,Showcase,#303/298,34,105,189.02,Available,01:59:24 20/05/2026
Jinx - Loose Cannon (Overnumbered),Origins,Showcase,#301/298,55,39.99,82.55,Available,01:59:24 20/05/2026
Gentlemen's Duel,Origins: Proving Grounds,Common,#008/024,85,0.1,0.44,Available,01:59:24 20/05/2026
Seal of Focus (Overnumbered),Spiritforged,Showcase,#226/221,65,40,59.28,Available,01:59:24 20/05/2026
Seal of Insight (Overnumbered),Spiritforged,Showcase,#229/221,72,55,65.26,Available,01:59:24 20/05/2026
LeBlanc - Deceiver (Signature),Unleashed,Showcase,#235,10,900,801.38,Available,01:59:24 20/05/2026
Jax - Grandmaster At Arms (Overnumbered),Spiritforged,Showcase,#245/221,95,34.95,51.68,Available,01:59:24 20/05/2026
Zephyr Sage,Origins: Proving Grounds,Uncommon,#005/024,96,0.1,0.37,Available,01:59:24 20/05/2026
Diana - Scorn of the Moon (Signature),Unleashed,Showcase,#234,8,899,768.72,Available,01:59:24 20/05/2026
Renata Glasc - Chem-Baroness (Overnumbered),Spiritforged,Showcase,#249/221,97,29.99,40.07,Available,01:59:24 20/05/2026
Aspirant's Climb,Riftbound Promotional Cards,Promo,#276a/298,11,44.99,47.95,Available,01:59:24 20/05/2026
Vicious Snapjaws,Unleashed,Common,#129/219,482,0.02,0.06,Available,01:59:24 20/05/2026
Baron Nashor (Ultimate),Unleashed,Showcase,#238/219,17,1141.5,1266.14,Available,01:59:24 20/05/2026
Seal of Strength (Overnumbered),Spiritforged,Showcase,#231/221,81,42.5,63.16,Available,01:59:24 20/05/2026
Seal of Rage (Overnumbered),Spiritforged,Showcase,#222/221,63,51,60.3,Available,01:59:24 20/05/2026
Yasuo - Unforgiven (Overnumbered),Origins,Showcase,#305/298,84,39.99,68.39,Available,01:59:24 20/05/2026
Garen - Might of Demacia,Riftbound Organized Play Promotional Cards,Promo,#023/024,84,4.19,5.51,Available,01:59:24 20/05/2026
Fiora - Grand Duelist (Overnumbered),Spiritforged,Showcase,#251/221,67,65,85.02,Available,01:59:24 20/05/2026
Seal of Unity (Overnumbered),Spiritforged,Showcase,#238/221,75,60,75.99,Available,01:59:24 20/05/2026
Edge of Night (Champion),Riftbound Organized Play Promotional Cards,Promo,#139/221,19,49.5,71.91,Available,01:59:24 20/05/2026
Bandle Tree,Riftbound Promotional Cards,Promo,#278a/298,22,23.99,29.54,Available,01:59:24 20/05/2026
Caitlyn - Patrolling,Riftbound Promotional Cards,Promo,#068a/298,29,28,33,Available,01:59:24 20/05/2026
Guardian Angel (Champion),Riftbound Organized Play Promotional Cards,Promo,#051/221,15,79.48,82.5,Available,01:59:24 20/05/2026
The Grand Plaza,Riftbound Promotional Cards,Promo,#293a/298,21,15.67,16.45,Available,01:59:24 20/05/2026
Viktor - Leader,Riftbound Promotional Cards,Promo,#246a/298,22,45,55.44,Available,01:59:24 20/05/2026
Pyke - Bloodharbor Ripper (Signature),Unleashed,Showcase,#228,24,400,521.03,Available,01:59:24 20/05/2026
Kha'Zix - Voidreaver (Signature),Unleashed,Showcase,#236,22,300,344.85,Available,01:59:24 20/05/2026
Vanguard Attendant,Origins: Proving Grounds,Common,#016/024,102,0.1,0.3,Available,01:59:24 20/05/2026
Poppy - Keeper of the Hammer (Signature),Unleashed,Showcase,#237,22,349.99,410.14,Available,01:59:24 20/05/2026
Vi - Destructive,Riftbound Promotional Cards,Promo,#036a/298,29,73.99,83.7,Available,01:59:24 20/05/2026
Ivern - Green Father (Signature),Unleashed,Showcase,#233,29,322.68,326.83,Available,01:59:24 20/05/2026
Yone - Blademaster (Signature),Spiritforged,Showcase,#233,37,200,453.17,Available,01:59:24 20/05/2026
Lee Sin - Centered,Riftbound Organized Play Promotional Cards,Rare,#151b/298,29,51.98,94.06,Available,01:59:24 20/05/2026
Jhin - Virtuoso (Signature),Unleashed,Showcase,#226,21,380.99,413.3,Available,01:59:24 20/05/2026
Heimerdinger - Inventor,Riftbound Promotional Cards,Promo,#111a/298,28,18.95,26.3,Available,01:59:24 20/05/2026
Vex - Gloomist (Signature),Unleashed,Showcase,#232,17,600,620.42,Available,01:59:24 20/05/2026
Irelia - Fervent (Signature),Spiritforged,Showcase,#225,18,1178.88,1563.83,Available,01:59:24 20/05/2026
Master Yi - Wuju Master (Signature),Unleashed,Showcase,#231,23,290,327.5,Available,01:59:24 20/05/2026
Rengar - Pridestalker (Signature),Unleashed,Rare,#227,24,300,387.79,Available,01:59:24 20/05/2026
Vi - Piltover Enforcer (Signature),Unleashed,Showcase,#229,28,472.99,555.11,Available,01:59:24 20/05/2026
Teemo - Strategist (Signature),Spiritforged,Showcase,#230,30,378,530.11,Available,01:59:24 20/05/2026
Leona - Radiant Dawn (Signature),Origins,Showcase,#306,13,499.69,726.2,Available,01:59:24 20/05/2026
Karma - Channeler (Signature),Spiritforged,Showcase,#237,35,249.98,284.75,Available,01:59:24 20/05/2026
Bard - Mercurial (Signature),Spiritforged,Showcase,#228,27,250,395.25,Available,01:59:24 20/05/2026
Yasuo - Windrider (Signature),Spiritforged,Showcase,#235,27,340,385.52,Available,01:59:24 20/05/2026
Aphelios - Exalted (Signature),Spiritforged,Showcase,#224,27,360,507.22,Available,01:59:24 20/05/2026
Teemo - Swift Scout (Signature),Origins,Showcase,#307,16,500,905.04,Available,01:59:24 20/05/2026
Darius - Hand of Noxus (Signature),Origins,Showcase,#302,14,450,624.35,Available,01:59:24 20/05/2026
Startipped Peak (Oversized),Origins: Proving Grounds,Uncommon,#288/298,28,2.95,5.38,Available,01:59:24 20/05/2026
Fortified Position (Oversized),Origins: Proving Grounds,Uncommon,#279/298,27,0.25,3.22,Available,01:59:24 20/05/2026
Vayne - Hunter (Signature),Spiritforged,Showcase,#223,25,744.01,1080.49,Available,01:59:24 20/05/2026
Soraka - Wanderer (Signature),Spiritforged,Showcase,#239,25,497.99,760.88,Available,01:59:24 20/05/2026
Lee Sin - Blind Monk (Signature),Origins,Showcase,#304,8,840,826.62,Available,01:59:24 20/05/2026
Jinx - Loose Cannon (Signature),Origins,Showcase,#301,13,850.8,972.52,Available,01:59:24 20/05/2026
Ahri - Nine-Tailed Fox (Metal),Riftbound Organized Play Promotional Cards,Promo,#255/298,3,4399.95,4716.66,Available,01:59:24 20/05/2026
Draven - Glorious Executioner (Metal),Riftbound Organized Play Promotional Cards,Promo,#185/221,5,1500,1069.69,Available,01:59:24 20/05/2026
Leona - Radiant Dawn (Metal),Riftbound Organized Play Promotional Cards,Promo,#261/298,6,1399,1089,Available,01:59:24 20/05/2026
Viktor - Herald of the Arcane (Signature),Origins,Showcase,#308,18,379.99,802.53,Available,01:59:24 20/05/2026
Master Yi - Wuju Bladesman (Metal),Riftbound Organized Play Promotional Cards,Promo,#019/024,7,1750,1935,Available,01:59:24 20/05/2026
Ahri - Nine-Tailed Fox (Signature),Origins,Showcase,#303,9,2000,1946.02,Available,01:59:24 20/05/2026
Kai'Sa - Daughter of the Void (Metal),Riftbound Organized Play Promotional Cards,Promo,#247/298,6,1999.99,2499.5,Available,01:59:24 20/05/2026
Garen - Might of Demacia (Metal),Riftbound Organized Play Promotional Cards,Promo,#023/024,2,1999.99,1349.99,Available,01:59:24 20/05/2026
Darius - Executioner (Signature),Spiritforged,Showcase,#236,33,199.99,391.02,Available,01:59:24 20/05/2026
Yasuo - Unforgiven (Metal),Riftbound Organized Play Promotional Cards,Promo,#259/298,5,1898.94,0,Available,01:59:24 20/05/2026
Volibear - Relentless Storm (Signature),Origins,Showcase,#300,13,560,718.75,Available,01:59:24 20/05/2026
Void Gate (Oversized),Origins: Proving Grounds,Uncommon,#296/298,24,1.05,2.3,Available,01:59:24 20/05/2026
Miss Fortune - Bounty Hunter (Metal),Riftbound Organized Play Promotional Cards,Promo,#267/298,2,2500,0,Available,01:59:24 20/05/2026
Jinx - Loose Cannon (Metal),Riftbound Organized Play Promotional Cards,Promo,#251/298,4,1999.99,1874,Available,01:59:24 20/05/2026
Lee Sin - Blind Monk (Metal),Riftbound Organized Play Promotional Cards,Promo,#257/298,5,988.9,1299.99,Available,01:59:24 20/05/2026
Teemo - Swift Scout (Metal),Riftbound Organized Play Promotional Cards,Promo,#263/298,5,2198.71,1,Available,01:59:24 20/05/2026
Viktor - Herald of the Arcane (Metal),Riftbound Organized Play Promotional Cards,Promo,#265/298,6,1803.99,0,Available,01:59:24 20/05/2026
Miss Fortune - Bounty Hunter (Signature),Origins,Showcase,#309,9,1150,1025.51,Available,01:59:24 20/05/2026
Sett - Brawler (Signature),Spiritforged,Showcase,#232,25,369.99,522.88,Available,01:59:24 20/05/2026
Lux - Lady of Luminosity (Metal),Riftbound Organized Play Promotional Cards,Rare,#021/024,3,1400,0,Available,01:59:24 20/05/2026
Darius - Hand of Noxus (Metal),Riftbound Organized Play Promotional Cards,Promo,#253/298,4,742.5,1023.97,Available,01:59:24 20/05/2026
Rek'sai - Void Burrower (Metal),Riftbound Organized Play Promotional Cards,Promo,#187/221,1,1898.76,0,Available,01:59:24 20/05/2026
Rumble - Mechanized Menace (Metal),Riftbound Organized Play Promotional Cards,Promo,#181/221,0,0,0,Out of Stock,01:59:24 20/05/2026
Irelia - Blade Dancer (Metal) (Prize Wall),Riftbound Organized Play Promotional Cards,Promo,#195/221,4,1499,0,Available,01:59:24 20/05/2026
Sett - The Boss (Signature),Origins,Showcase,#310,17,599.98,841.62,Available,01:59:24 20/05/2026
Kai'Sa - Daughter of the Void (Signature),Origins,Showcase,#299,7,2747.99,2331.96,Available,01:59:24 20/05/2026
Lucian - Purifier (Metal),Riftbound Organized Play Promotional Cards,Promo,#183/221,3,1050,0,Available,01:59:24 20/05/2026
Ahri - Inquisitive (Signature),Spiritforged,Showcase,#227,11,1395,2719.38,Available,01:59:24 20/05/2026
Azir - Emperor of the Sands (Metal),Riftbound Organized Play Promotional Cards,Promo,#197/221,0,0,0,Out of Stock,01:59:24 20/05/2026
Ornn - Fire Below the Mountain (Metal),Riftbound Organized Play Promotional Cards,Promo,#189/221,0,0,0,Out of Stock,01:59:24 20/05/2026
Volibear - Relentless Storm (Metal),Riftbound Organized Play Promotional Cards,Promo,#249/298,5,950,1500.2,Available,01:59:24 20/05/2026
Trifarian War Camp (Oversized),Origins: Proving Grounds,Uncommon,#294/298,24,2.23,3.69,Available,01:59:24 20/05/2026
Yasuo - Unforgiven (Signature),Origins,Showcase,#305,14,750,781.11,Available,01:59:24 20/05/2026
Annie - Dark Child (Metal) (Prize Wall),Riftbound Organized Play Promotional Cards,Promo,#017/024,0,0,0,Out of Stock,01:59:24 20/05/2026
Ahri - Nine-Tailed Fox (Metal) (Prize Wall),Riftbound Organized Play Promotional Cards,Promo,#255/298,1,4499.76,0,Available,01:59:24 20/05/2026
Master Yi - Wuju Bladesman (Metal) (Prize Wall),Riftbound Organized Play Promotional Cards,Promo,#019/024,0,0,0,Out of Stock,01:59:24 20/05/2026
Lucian - Purifier (Metal) (Prize Wall),Riftbound Organized Play Promotional Cards,Promo,#183/221,0,0,0,Out of Stock,01:59:24 20/05/2026
Rumble - Mechanized Menace (Metal) (Prize Wall),Riftbound Organized Play Promotional Cards,Promo,#181/221,0,0,0,Out of Stock,01:59:24 20/05/2026
Yasuo - Unforgiven (Metal) (Prize Wall),Riftbound Organized Play Promotional Cards,Promo,#259/298,2,1100,0,Available,01:59:24 20/05/2026
Sivir - Battle Mistress (Metal),Riftbound Organized Play Promotional Cards,Promo,#203/221,3,1600,0,Available,01:59:24 20/05/2026
Lee Sin - Blind Monk (Metal) (Prize Wall),Riftbound Organized Play Promotional Cards,Promo,#257/298,1,999.99,0,Available,01:59:24 20/05/2026
Azir - Emperor of the Sands (Metal) (Prize Wall),Riftbound Organized Play Promotional Cards,Promo,#197/221,5,1493.69,0,Available,01:59:24 20/05/2026
Sett - The Boss (Metal) (Prize Wall),Riftbound Organized Play Promotional Cards,Promo,#269/298,2,1349.99,0,Available,01:59:24 20/05/2026
Miss Fortune - Bounty Hunter (Metal) (Prize Wall),Riftbound Organized Play Promotional Cards,Promo,#267/298,0,0,0,Out of Stock,01:59:24 20/05/2026
Rek'sai - Void Burrower (Metal) (Prize Wall),Riftbound Organized Play Promotional Cards,Promo,#187/221,2,999,0,Available,01:59:24 20/05/2026
Sett - The Boss (Metal),Riftbound Organized Play Promotional Cards,Promo,#269/298,5,1199.99,0,Available,01:59:24 20/05/2026
Darius - Hand of Noxus (Metal) (Prize Wall),Riftbound Organized Play Promotional Cards,Promo,#253/298,1,899.99,0,Available,01:59:24 20/05/2026
Garen - Might of Demacia (Metal) (Prize Wall),Riftbound Organized Play Promotional Cards,Promo,#023/024,1,1400,0,Available,01:59:24 20/05/2026
Jax - Grandmaster At Arms (Metal) (Prize Wall),Riftbound Organized Play Promotional Cards,Promo,#193/221,1,1200,0,Available,01:59:24 20/05/2026
Annie - Dark Child (Metal),Riftbound Organized Play Promotional Cards,Promo,#017/024,6,1420.69,0,Available,01:59:24 20/05/2026
Irelia - Blade Dancer (Metal),Riftbound Organized Play Promotional Cards,Promo,#195/221,3,1450,0,Available,01:59:24 20/05/2026
Viktor - Herald of the Arcane (Metal) (Prize Wall),Riftbound Organized Play Promotional Cards,Promo,#265/298,1,1500,0,Available,01:59:24 20/05/2026
Lillia - Bashful Bloom (Signature),Unleashed,Showcase,#230,24,450,0,Available,01:59:24 20/05/2026
Fiora - Grand Duelist (Metal) (Prize Wall),Riftbound Organized Play Promotional Cards,Promo,#205/221,1,1399.99,0,Available,01:59:24 20/05/2026
Volibear - Relentless Storm (Metal) (Prize Wall),Riftbound Organized Play Promotional Cards,Promo,#249/298,2,1500,0,Available,01:59:24 20/05/2026
Jax - Grandmaster At Arms (Metal),Riftbound Organized Play Promotional Cards,Promo,#193/221,0,0,0,Out of Stock,01:59:24 20/05/2026
Renata Glasc - Chem-Baroness (Metal) (Prize Wall),Riftbound Organized Play Promotional Cards,Promo,#201/221,1,1049.99,0,Available,01:59:24 20/05/2026
Ezreal - Prodigal Explorer (Metal) (Prize Wall),Riftbound Organized Play Promotional Cards,Promo,#199/221,1,1575,0,Available,01:59:24 20/05/2026
Ornn - Fire Below the Mountain (Metal) (Prize Wall),Riftbound Organized Play Promotional Cards,Promo,#189/221,1,1000,0,Available,01:59:24 20/05/2026
Ezreal - Prodigal Explorer (Metal),Riftbound Organized Play Promotional Cards,Promo,#199/221,5,1547.69,0,Available,01:59:24 20/05/2026
Leona - Radiant Dawn (Metal) (Prize Wall),Riftbound Organized Play Promotional Cards,Promo,#261/298,1,1700,0,Available,01:59:24 20/05/2026
Draven - Glorious Executioner (Metal) (Prize Wall),Riftbound Organized Play Promotional Cards,Promo,#185/221,1,1950,0,Available,01:59:24 20/05/2026
Lux - Lady of Luminosity (Metal) (Prize Wall),Riftbound Organized Play Promotional Cards,Rare,#021/024,0,0,0,Out of Stock,01:59:24 20/05/2026
Kai'Sa - Daughter of the Void (Metal) (Prize Wall),Riftbound Organized Play Promotional Cards,Promo,#247/298,3,2449.99,0,Available,01:59:24 20/05/2026
Fiora - Grand Duelist (Metal),Riftbound Organized Play Promotional Cards,Promo,#205/221,2,1069.67,0,Available,01:59:24 20/05/2026
Sivir - Battle Mistress (Metal) (Prize Wall),Riftbound Organized Play Promotional Cards,Promo,#203/221,2,1300,0,Available,01:59:24 20/05/2026
Teemo - Swift Scout (Metal) (Prize Wall),Riftbound Organized Play Promotional Cards,Promo,#263/298,1,6000,0,Available,01:59:24 20/05/2026
Renata Glasc - Chem-Baroness (Metal),Riftbound Organized Play Promotional Cards,Promo,#201/221,2,1149.74,0,Available,01:59:24 20/05/2026
Jinx - Loose Cannon (Metal) (Prize Wall),Riftbound Organized Play Promotional Cards,Promo,#251/298,2,1850,0,Available,01:59:24 20/05/2026